P_gen,f_residual,scenario
0.5915609113466053,1.1401290380627502,test-1
0.5448853348145204,1.1365968564225177,test-1
0.5591057750697834,1.137916774043265,test-1
0.573117258760954,1.1390082407045266,test-1
0.590369972378514,1.1400674971189249,test-1
0.6823014673597829,1.14045312253791,test-1
0.5928446286366119,1.1401937002667304,test-1
0.5416073065044811,1.13626226488156,test-1
0.579114184629254,1.1394120320149468,test-1
0.6751697235228195,1.1407372657798471,test-1
0.6302435714943793,1.1413174870415694,test-1
0.6510977740834856,1.1413087240699473,test-1
0.5660555514600286,1.1384840722967065,test-1
0.6420886543728771,1.1413680903730312,test-1
0.6976676610774466,1.1396635455973743,test-1
0.6476664410118369,1.1413412866210149,test-1
0.5673453063085834,1.1385837382715414,test-1
0.6055102807439808,1.1407387152692166,test-1
0.5097502860032721,1.1324187123166454,test-1
0.6662024448716183,1.1410201767276584,test-1
0.5246536905132553,1.1343503964602357,test-1
0.663630577031649,1.1410859953116024,test-1
0.6106491719473865,1.1409117567734721,test-1
0.6486139024172004,1.1413335182659359,test-1
0.5838983319835567,1.1397069523096524,test-1
0.9748134501029146,1.086057031920491,test-1
0.917748836496941,1.1028736329570221,test-1
0.868322171290874,1.1151239719260913,test-1
0.8396039933828903,1.12121641451262,test-1
0.9595459600760287,1.0908294248345483,test-1
0.9345814387540627,1.098205275450755,test-1
0.8955438260750151,1.10864913921111,test-1
0.8944434652375037,1.108923885273574,test-1
1.0222488807169534,1.0699979034773577,test-1
0.9862107639855626,1.0823670838542285,test-1
0.7950662058056925,1.1291271394740932,test-1
1.070134235204751,1.051965613237747,test-1
0.9839773511864011,1.0830986712281914,test-1
0.9062379832445695,1.1059224097284799,test-1
0.9735633455267603,1.0864551670190712,test-1
0.9772130222373195,1.085289149798244,test-1
0.9236154748162,1.1012747591621932,test-1
0.9224204950154243,1.101602889106608,test-1
0.9393245578305818,1.0968451986462529,test-1
1.034743451265908,1.0654655420430656,test-1
0.9699246277145124,1.0876065732564475,test-1
0.9512058262125855,1.0933530209248732,test-1
0.989362034554343,1.0813278192773799,test-1
0.833783357620956,1.1223573667977416,test-1
0.9806235657958334,1.0841894796416676,test-1
1.2580983503219574,0.9652383243314684,test-1
1.291260229288447,0.9475701174009894,test-1
1.258524225877889,0.9650155715222037,test-1
1.2821288870016283,0.9524997861645446,test-1
1.2707469907087467,0.9585760812845507,test-1
1.1679692211860535,1.0098181728345879,test-1
1.2678336706524247,0.9601190539886919,test-1
1.1556867241393094,1.0154810581361116,test-1
1.2560241388664999,0.9663216669590986,test-1
1.2277777958913176,0.9808122284708698,test-1
1.2122861819005506,0.9885479108863724,test-1
1.2262939181120005,0.9815597720208789,test-1
1.18831435439669,1.0002140916087165,test-1
1.2123154721870664,0.9885334289865473,test-1
1.2078143488399826,0.9907524460554993,test-1
1.2964728285056768,0.9447343872570031,test-1
1.21275182816508,0.9883176178776871,test-1
1.274840428863697,0.9563995735654507,test-1
1.2461079331573812,0.9714646949488739,test-1
1.1883345576112312,1.00020441759,test-1
1.2296033280276495,0.9798906704641195,test-1
1.2887072070358638,0.9489532766280278,test-1
1.2805378501259523,0.9533537537876995,test-1
1.203464039009208,0.9928847118759572,test-1
1.274099174573494,0.9567944387573162,test-1
1.0131237312277017,1.0732293942895135,test-1
0.8694794622184092,1.1148624583333924,test-1
0.8584830743083909,1.1172974937818738,test-1
0.9644507186935405,1.089317710757797,test-1
0.8696669825277323,1.1148199684880944,test-1
0.864249771012055,1.1160344214508453,test-1
0.9431799509943685,1.0957253310183517,test-1
0.8995399926373461,1.1076422015862848,test-1
1.0184780276397245,1.0713413681902237,test-1
0.8733038117457412,1.1139895289393602,test-1
1.0003112047513436,1.0776533454755677,test-1
0.8586808708918031,1.1172546798492147,test-1
0.8592456653954849,1.117132228253828,test-1
0.9285133486844686,1.0999167725518002,test-1
0.8263889083856515,1.1237607154547322,test-1
0.9279687409625192,1.1000688079806675,test-1
0.8732348655639988,1.1140053849126048,test-1
1.039236970154394,1.0638053859578251,test-1
1.011947490400462,1.0736410695744694,test-1
0.9768996047130942,1.0853897190704114,test-1
0.8555769158575299,1.1179223651300259,test-1
0.9074048627934378,1.1056187051389839,test-1
0.8830182759828116,1.1117120506884757,test-1
0.8631363606217233,1.1162806826534675,test-1
0.8429699224819448,1.1205421008904812,test-1
1.2149018383145236,0.9872524962961673,test-1
1.0783519363279555,1.0486937376029715,test-1
1.1520244544332494,1.017149573050818,test-1
1.0682385223142188,1.0527131396156733,test-1
1.2612094595466687,0.9636085504196266,test-1
1.1374576554308056,1.023694142602365,test-1
1.214240922534216,0.9875802305159853,test-1
1.2020565784274824,0.9935719450312004,test-1
1.256219068870921,0.9662199675076899,test-1
1.1115508577774367,1.0349638409899262,test-1
1.0997530598076832,1.0399359232278556,test-1
1.1142940291150703,1.0337932726096353,test-1
1.2072627115662669,0.9910235024845853,test-1
1.1145532683209967,1.0336823688521488,test-1
1.1733898706266541,1.0072864019117436,test-1
1.2017654178325419,0.9937139522010998,test-1
1.1469663616085422,1.0194387945121832,test-1
1.0958799367152712,1.0415460264381493,test-1
1.150881293161465,1.0176684994374576,test-1
1.05073393376252,1.0594858860664673,test-1
1.0833797262854792,1.0466668770322833,test-1
1.0807488717045182,1.0477298198484735,test-1
1.0659765611423573,1.0536015135932624,test-1
1.2307577438092125,0.9793068247596048,test-1
1.0818379572640322,1.047290425410718,test-1
0.7153479790126104,1.138456981755449,test-1
0.7978628505622204,1.128686341224038,test-1
0.8451661510818185,1.12009639534739,test-1
0.7973070509521641,1.12877454703596,test-1
0.7805894159488553,1.131287533572719,test-1
0.7377738945796023,1.1364715406860162,test-1
0.7753499496902457,1.1320190428627908,test-1
0.8099946333407959,1.1266868058170285,test-1
0.796154007235222,1.1289565830623465,test-1
0.8097502577819574,1.1267284800631336,test-1
0.7057660089879416,1.139150340859451,test-1
0.8830143147174854,1.1117129968881334,test-1
0.754041834172516,1.134715783722097,test-1
0.7879453324425262,1.1302152797044949,test-1
0.6939669272286716,1.1398757958337762,test-1
0.6999359429410215,1.1395265401466557,test-1
0.7580648317797222,1.13424098474407,test-1
0.7270707628031926,1.1374823027019305,test-1
0.7193159285890736,1.1381426115697115,test-1
0.7368712085892648,1.1365612253776183,test-1
0.7207749685540648,1.1380230124925357,test-1
0.775120133788099,1.132050513096845,test-1
0.6834544645599229,1.14040227498653,test-1
0.736327631455623,1.1366148376737106,test-1
0.741006980159576,1.136143630960758,test-1
0.9659007242641843,1.0888669009623668,test-1
0.9698798608249821,1.0876206696856383,test-1
1.011824844405093,1.07368393051731,test-1
1.0142189127685222,1.0728450871690685,test-1
0.9347937668069531,1.0981448082534349,test-1
0.9698109969102265,1.0876423506207904,test-1
0.9110582174799503,1.104660014066952,test-1
0.9419433437519511,1.096085923713947,test-1
1.0258712423567817,1.0686966564704754,test-1
0.9832734607150535,1.083328383979657,test-1
0.9624177328498394,1.0899467775356828,test-1
0.9655625191425716,1.0889722084189921,test-1
0.9579405254432782,1.0913198092199694,test-1
1.0116391139287788,1.0737488144152032,test-1
0.8952410067683731,1.108724857911571,test-1
0.9719220171844771,1.086975911286308,test-1
0.9722752948133601,1.0868640176904854,test-1
0.9196114223281543,1.1023692914288947,test-1
0.9064084881109712,1.105878107938357,test-1
0.9569506870461622,1.0916210659950751,test-1
1.0116637391402685,1.073740213336189,test-1
0.9226407475768214,1.1015425041190419,test-1
0.8318127292480109,1.1227364124945562,test-1
0.9198022850459577,1.102317437959477,test-1
0.9173401064175573,1.102983897603878,test-1
0.6351130480174698,1.1413560083778975,test-1
0.5950121602313024,1.1402989424991365,test-1
0.6112397408964485,1.140929866625709,test-1
0.5535088011230386,1.137422789808531,test-1
0.5990885467905875,1.1404834717155445,test-1
0.5258730993748909,1.134498055947276,test-1
0.5174956926611265,1.1334519244901629,test-1
0.5904265613372992,1.1400704551239174,test-1
0.5416831279227587,1.1362701324502065,test-1
0.5433885911475587,1.1364454923090366,test-1
0.5722391495357667,1.1389459285772316,test-1
0.5413511089695421,1.1362356356962713,test-1
0.5609072708514246,1.1380687278249333,test-1
0.6126579225063657,1.1409718604932622,test-1
0.5364690751218465,1.135714930245399,test-1
0.526754952254157,1.1346038606517446,test-1
0.5416614730596452,1.1362678860653281,test-1
0.5147634695197592,1.1330946924312,test-1
0.4693301677331601,1.125999756626719,test-1
0.5125888727934191,1.1328047300905066,test-1
0.5287220087074108,1.1348369048343012,test-1
0.4510227366212612,1.1225272493587297,test-1
0.46791971544404937,1.1257447186540952,test-1
0.5631736698953391,1.138255023585366,test-1
0.453585480391658,1.1230344706088622,test-1
0.4273086229947508,1.117508746175329,test-1
0.5850565024601317,1.1397747190632577,test-2
0.698797759627472,1.1395959431739855,test-2
0.6750346235208419,1.1407421432848412,test-2
0.6977748513106682,1.1396571894337502,test-2
0.5094649511130713,1.132379438911633,test-2
0.6573747300933798,1.1412175221043728,test-2
0.7408796145524826,1.136156746626864,test-2
0.5904464842920033,1.1400714957290878,test-2
0.6811870500495284,1.140500970937389,test-2
0.6261746994870214,1.1412663009413886,test-2
0.5929274955138433,1.140197814728702,test-2
0.7842298841161257,1.1307634662678874,test-2
0.6584589620651264,1.141197630059841,test-2
0.6687398893674131,1.1409485405124138,test-2
0.6519840082942858,1.1412983263902667,test-2
0.6228692408410051,1.1412119721029002,test-2
0.6434917937202752,1.141364395675108,test-2
0.5884690534594186,1.1399661725274177,test-2
0.6456922698992987,1.141354474439316,test-2
0.589126403659193,1.1400016418869663,test-2
0.6807308679223141,1.1405201893739738,test-2
0.6364304306212428,1.1413621761715613,test-2
0.654582980951483,1.1412631325937777,test-2
0.6246987659312759,1.1412434550186574,test-2
0.7459758357688915,1.1356193085751058,test-2
0.9217233228741477,1.1017937466131522,test-2
0.8973536580869023,1.1081948806221291,test-2
0.9177123015127057,1.1028834951339888,test-2
0.9224935475449143,1.1015828655663855,test-2
0.9600650634402108,1.090670394921198,test-2
0.9865581746069808,1.0822529131344099,test-2
0.9399541040688214,1.0966632130057925,test-2
0.8623926352353237,1.1164445407707086,test-2
0.8362734214170104,1.1218731714414094,test-2
0.8633410566731986,1.116235494297333,test-2
0.8851513684364114,1.1112004650789191,test-2
0.8900172449994357,1.1100180420141976,test-2
0.8863337455131091,1.1109151147793155,test-2
0.8605184284774394,1.1168552018795213,test-2
0.9411693026901417,1.0963109613285926,test-2
0.959864323546481,1.0907319197172465,test-2
0.8743417914350423,1.1137502927389575,test-2
0.9105880896982731,1.1047840466923025,test-2
0.8777020190613346,1.112969065076658,test-2
0.9454903639356166,1.0950480869465329,test-2
0.8840931074862683,1.111454786856301,test-2
0.9441101248169547,1.0954532249582902,test-2
0.848201457445407,1.1194729814699231,test-2
0.76486544042093,1.1334019365764836,test-2
0.8439027810108839,1.1203533369905936,test-2
0.570152507884212,1.1387945907280692,test-2
0.6027109035658411,1.1406327792931494,test-2
0.5562916370760808,1.1376725402037002,test-2
0.59450879026784,1.140274942875907,test-2
0.5568701103304496,1.137723428411791,test-2
0.5768081174518696,1.1392612490407374,test-2
0.5755050303092972,1.139173564614649,test-2
0.5376577997688721,1.1358440385307766,test-2
0.48347811409517816,1.1284423228869396,test-2
0.4449299283840068,1.121293801309002,test-2
0.6046323810782525,1.1407063795931798,test-2
0.5472107190405158,1.1368273199155081,test-2
0.5088986833663387,1.132301243273745,test-2
0.5621381124040443,1.1381705752975737,test-2
0.5527640122242066,1.1373545584838027,test-2
0.584805112079393,1.139760129907157,test-2
0.4947239073467429,1.130233539808308,test-2
0.48098845521898004,1.1280277616224736,test-2
0.5437673970286959,1.1364840245032397,test-2
0.5442100939873286,1.1365288633805037,test-2
0.4606295205662528,1.124393229968779,test-2
0.48288639631242986,1.1283443851414576,test-2
0.562938373391826,1.1382359349732694,test-2
0.44320086464775676,1.1209367051548658,test-2
0.45359971940116883,1.1230372696241302,test-2
0.8968351272977113,1.108325329865619,test-2
0.7003818647810415,1.1394989889639602,test-2
0.7817881017219636,1.131116404429228,test-2
0.7832105096970817,1.1309115153432727,test-2
0.8372188350873198,1.1216878053108073,test-2
0.7644874955594295,1.1334497658780789,test-2
0.76300633455903,1.1336358493643068,test-2
0.739090510559292,1.1363392677769297,test-2
0.7252844381597876,1.137639780835627,test-2
0.6818266290741026,1.1404736661089945,test-2
0.7405919965792105,1.1361863048547098,test-2
0.6813322177816319,1.1404948103288308,test-2
0.6317958795500367,1.1413324555192772,test-2
0.7645123065507263,1.133446630344837,test-2
0.7850011221940829,1.1306507819621385,test-2
0.8305126352796147,1.1229844746464317,test-2
0.7179554548348437,1.1382521925776128,test-2
0.7434932840171747,1.1358843530919303,test-2
0.8312446788374486,1.1228449948290027,test-2
0.744456855994476,1.1357822095290528,test-2
0.7223638841074045,1.1378903216830554,test-2
0.693395782351006,1.139907306396324,test-2
0.6235667570127797,1.1412243883033524,test-2
0.7049758518392438,1.1392033548976488,test-2
0.6357425463893505,1.1413591814795434,test-2
0.4511345291135796,1.1225495186939212,test-2
0.34232278721832615,1.094775527327403,test-2
0.38909287638302026,1.1081963393900853,test-2
0.42199848759707703,1.116304882077121,test-2
0.42068684085289587,1.1160030195788189,test-2
0.3508400442938799,1.0973831721132776,test-2
0.27836522098491934,1.0729256487773573,test-2
0.4270355507176489,1.1174475507239592,test-2
0.39520422535510924,1.1097863433281625,test-2
0.3160644401080268,1.086285033633828,test-2
0.38371759486604007,1.106766335255705,test-2
0.33420339558577467,1.0922226562228738,test-2
0.284401478406591,1.0751559134577473,test-2
0.36318460969482674,1.101033957367179,test-2
0.3548285989834009,1.098579439627963,test-2
0.3313410015013062,1.0913071425298506,test-2
0.4056887582873566,1.1124250293237337,test-2
0.34862286880842636,1.0967113161397346,test-2
0.3029997305316582,1.0818097581452149,test-2
0.3507708674024273,1.097362284020449,test-2
0.27901540400946595,1.0731675296147887,test-2
0.3605586548685829,1.1002701530215706,test-2
0.31121471094941183,1.0846430707496888,test-2
0.2879270300559252,1.0764425756234783,test-2
0.3166369693516405,1.0864773645068215,test-2
0.5699899847343054,1.1387826103987497,test-2
0.6070404830273256,1.1407931414123467,test-2
0.5089244758977666,1.132304812315088,test-2
0.5816618926629319,1.1395720912162393,test-2
0.6148310503101618,1.141032115232953,test-2
0.5317543263757528,1.1351881377686444,test-2
0.554383983926734,1.137502217190438,test-2
0.6139844550368281,1.1410092305080581,test-2
0.5593591272896604,1.137938351255129,test-2
0.5244407290619995,1.134324447451334,test-2
0.5558967838224526,1.137637601868081,test-2
0.5585048526975148,1.137865324058081,test-2
0.543804102691152,1.136487750143321,test-2
0.48257698471577803,1.128293026330022,test-2
0.630402974706965,1.1413191400981986,test-2
0.5048645709216734,1.131734373307495,test-2
0.5695206008998697,1.138747853327825,test-2
0.5291843313184654,1.1348910839216293,test-2
0.5120122653205071,1.1327270066282291,test-2
0.5164754791741981,1.1333194569322134,test-2
0.41093187166320877,1.1137022178299234,test-2
0.5267310431936462,1.1346010028891191,test-2
0.46454418920555723,1.1251258783055516,test-2
0.420315357929866,1.1159172029285631,test-2
0.4846582231853396,1.1286365469806436,test-2
0.749574241723144,1.135224225445676,test-2
0.7987958023225897,1.1285376097821818,test-2
0.777098433731204,1.1317779159917243,test-2
0.8402734919252013,1.121083137386383,test-2
0.769793981495354,1.1327653350760671,test-2
0.7198604085784682,1.138098231529915,test-2
0.7320235575675258,1.1370288809115807,test-2
0.6763602043532749,1.140693473338649,test-2
0.6810294261016037,1.140507635638017,test-2
0.8333746552391128,1.1224362809500321,test-2
0.7754184619196322,1.1320096510030622,test-2
0.7187874756541601,1.1381853987204764,test-2
0.6617602021052256,1.1411295650337456,test-2
0.6491518241872758,1.1413286925167874,test-2
0.6477165908334162,1.1413408988268534,test-2
0.7199431426751983,1.1380914617337834,test-2
0.7278113802329877,1.1374160692523974,test-2
0.7366028011199609,1.1365877350567586,test-2
0.7018154273462812,1.1394090433235187,test-2
0.6296759661192866,1.1413113852298118,test-2
0.7212194750628554,1.1379861484357687,test-2
0.7197914671092225,1.1381038674480985,test-2
0.6426712215532951,1.1413668052475363,test-2
0.7056504134557346,1.1391581361746161,test-2
0.6846743189050032,1.1403469930859527,test-2
0.421997003623935,1.116304541561676,test-2
0.27920248036315976,1.0732370518990408,test-2
0.36617509433895545,1.1018953434537404,test-2
0.3169899956297966,1.08659579822848,test-2
0.38470178059424615,1.1070303626868823,test-2
0.43327849378918065,1.1188272495099247,test-2
0.39984640142769623,1.1109685703808423,test-2
0.33776386064663233,1.093350156690036,test-2
0.33725916949563883,1.0931910971746508,test-2
0.3857048578122666,1.1072984434117699,test-2
0.3964456194081792,1.1101046525883473,test-2
0.3100098189141207,1.08423159273243,test-2
0.3544055071219345,1.09845329786241,test-2
0.3213167890869856,1.088037484149142,test-2
0.4474822192327905,1.121815213777401,test-2
0.43332873246032316,1.118838188113293,test-2
0.36825918651886475,1.102490322513536,test-2
0.28876315358690785,1.076745990490525,test-2
0.3184066996685333,1.0870698544917101,test-2
0.26187705076687895,1.066659352284923,test-2
0.3387587707857516,1.093662976522062,test-2
0.26961517414188196,1.069631830620079,test-2
0.2967916822184141,1.07962549185681,test-2
0.31204500356497006,1.0849258016364605,test-2
0.3881832809711385,1.1079564268461997,test-2
0.31644943733686004,1.0864144016569828,test-2
0.6606873127342971,1.1411529236705449,test-3
0.5374856274967414,1.135825431333486,test-3
0.5921226351233747,1.1401575462497373,test-3
0.5086232053620087,1.1322630801709996,test-3
0.5760804047291674,1.139212502386717,test-3
0.5482968596941326,1.1369330053868283,test-3
0.5617211520516038,1.138136252734105,test-3
0.5995733240939288,1.140504253273022,test-3
0.5041376612515062,1.1316304011228286,test-3
0.6683990891317279,1.140958548441493,test-3
0.4591782740243543,1.1241175415255085,test-3
0.5372338256222663,1.1357981618546567,test-3
0.5301719709020634,1.1350060670591087,test-3
0.5851988331160324,1.1397829495213756,test-3
0.5256493251070304,1.1344710766912474,test-3
0.6246567696730856,1.1412427716149378,test-3
0.5933271628983932,1.1402175572600408,test-3
0.474244158012284,1.1268719839370254,test-3
0.474143222077807,1.1268543231600645,test-3
0.608828650232651,1.1408536264685103,test-3
0.6270639747016256,1.141278966008742,test-3
0.5870659575582056,1.139888940875274,test-3
0.5491371514834404,1.1370139128829895,test-3
0.473302560691111,1.1267068165239658,test-3
0.5176748706253875,1.1334750759083327,test-3
0.2823526558828601,1.0744027775610683,test-3
0.24714587289955445,1.0608476673104952,test-3
0.2579824389934352,1.0651422863988285,test-3
0.24884899942374314,1.0615297547978118,test-3
0.18656108240855684,1.0349026651244848,test-3
0.22437066138534975,1.0514742273130222,test-3
0.24884439072922207,1.0615279126288244,test-3
0.28655440018809947,1.0759430315910812,test-3
0.30961064476109057,1.0840949621306488,test-3
0.2060157963250057,1.04358428536202,test-3
0.2868367323896366,1.076045927478182,test-3
0.22685444484495676,1.052519064871901,test-3
0.30081570019468806,1.0810455410624935,test-3
0.29685053300826403,1.0796463717991858,test-3
0.3164515720910469,1.0864151185817357,test-3
0.19856415005347955,1.0402973415032666,test-3
0.27341525548306167,1.0710711297445927,test-3
0.2756484955880168,1.0719106694495177,test-3
0.32071042471715283,1.0878365448519374,test-3
0.25179435644469805,1.0627030880442756,test-3
0.38913273873955834,1.1082068340760043,test-3
0.3283636157392291,1.0903462884476471,test-3
0.2568788172977509,1.0647098461882623,test-3
0.2118740785155574,1.046134591010314,test-3
0.2721076287790656,1.0705773845616589,test-3
0.5660926815828677,1.1384869660997028,test-3
0.6037934205932416,1.1406747213265316,test-3
0.6344000365853159,1.1413519148935136,test-3
0.5792461418961558,1.139420490351458,test-3
0.5852024494354556,1.1397831583616052,test-3
0.5137629052103506,1.1329618971496345,test-3
0.6074310944958048,1.1408066405759574,test-3
0.6680424315168207,1.1409688936114546,test-3
0.6299834817040469,1.1413147328378983,test-3
0.6631888953322236,1.1410966105503961,test-3
0.5966407901143543,1.1403747646638474,test-3
0.6469059906185072,1.1413468465005177,test-3
0.7777974875675698,1.131680674038745,test-3
0.5768287673978713,1.1392626241456556,test-3
0.523635701321143,1.134225922830404,test-3
0.6155535595754411,1.141051051277351,test-3
0.5476459441235786,1.1368698187174366,test-3
0.6203405387695227,1.1411626893023175,test-3
0.6939615748662104,1.1398760926763987,test-3
0.6391213386944603,1.1413691499803689,test-3
0.6724274287720047,1.1408325872254557,test-3
0.6474730104106703,1.1413427578710862,test-3
0.604927671853297,1.1407173464277645,test-3
0.5725893965179196,1.1389708803037952,test-3
0.6165149149094497,1.141075398515767,test-3
0.41942696173641464,1.1157113946396713,test-3
0.3561047048705478,1.09895881618406,test-3
0.29725211697756454,1.0797887630558465,test-3
0.2869518657745809,1.0760878660868687,test-3
0.2961120689934198,1.0793841284453092,test-3
0.2670584333270513,1.0686558620176347,test-3
0.3801277192867413,1.1057949290039284,test-3
0.31567755723830765,1.0861548866505102,test-3
0.33743518991402877,1.0932466007493118,test-3
0.39580609158201446,1.1099408665254507,test-3
0.3628253510862014,1.1009298701115477,test-3
0.3822268994804834,1.1063645496239873,test-3
0.40478658397194844,1.112202412952795,test-3
0.32765805534594733,1.0901173144254515,test-3
0.41721521144623214,1.1151954692800699,test-3
0.4465393408080224,1.1216233833114275,test-3
0.4068781993327943,1.1127172510180188,test-3
0.41060551214355534,1.1136235450622638,test-3
0.37213633494521264,1.1035855305183788,test-3
0.34837985507495506,1.0966373792285118,test-3
0.46946085522345204,1.1260232818070428,test-3
0.4191502612664398,1.1156471267245496,test-3
0.29790602870239097,1.0800202924817328,test-3
0.45562500918489146,1.1234332276976657,test-3
0.3693175839660649,1.1027908026213846,test-3
0.7236399858295537,1.1377819090293804,test-3
0.7024506095356533,1.1393685207487696,test-3
0.7948867681289038,1.1291551634220092,test-3
0.7547675542665646,1.1346313200076519,test-3
0.7136683787588711,1.138585251026592,test-3
0.7609467738844863,1.1338909977443379,test-3
0.7655100156262146,1.133320039831808,test-3
0.7777673513552794,1.1316848760088054,test-3
0.7040681710642318,1.139263469931661,test-3
0.7391438219603127,1.1363338753325212,test-3
0.7131371751517005,1.138625223499254,test-3
0.7276802080835262,1.1374278402218336,test-3
0.8443119208404446,1.120270290499097,test-3
0.698844600508117,1.1395931130290093,test-3
0.8900150444972218,1.1100185815816062,test-3
0.7489459694639544,1.135294135124603,test-3
0.6388701700096538,1.141368818489684,test-3
0.8065251160965071,1.1272731052800107,test-3
0.7471369705261013,1.1354932326855511,test-3
0.7473625051111153,1.1354685883210816,test-3
0.8945136641813967,1.1089063900127847,test-3
0.8360251907134827,1.1219217022828625,test-3
0.8642497284300391,1.1160344308908825,test-3
0.913563398416385,1.103995774413809,test-3
0.8197672560115935,1.1249734078057179,test-3
0.6234231265582036,1.1412218732292918,test-3
0.5050675636862071,1.1317633083406373,test-3
0.5174254962290868,1.1334428452223277,test-3
0.4790326039718562,1.1276975109089917,test-3
0.5192284965191705,1.1336743955275586,test-3
0.5361819896759512,1.1356835256046371,test-3
0.555876635639662,1.1376358146491294,test-3
0.5099116631507407,1.1324408861372683,test-3
0.5465650898059106,1.1367639065823907,test-3
0.6545190762992296,1.1412640820108169,test-3
0.5706812890159504,1.1388333765916183,test-3
0.5175097145673163,1.1334537374716107,test-3
0.5699710376959557,1.1387812119097187,test-3
0.60136944541776,1.1405790953908488,test-3
0.6912921618362852,1.1400204875023254,test-3
0.6226708911028905,1.1412083483626114,test-3
0.45137290165113103,1.1225969594552496,test-3
0.6835618232092675,1.140397470962701,test-3
0.6407476711177654,1.1413697053035974,test-3
0.6209933494434631,1.1411760533215287,test-3
0.5979389482088551,1.140433202137538,test-3
0.6177095957651699,1.1411043048765264,test-3
0.5678922576760135,1.1386254733863566,test-3
0.6728657335104112,1.1408178722662203,test-3
0.6458382935056444,1.1413536378020324,test-3
0.3565666649980056,1.0990957514097408,test-3
0.28604567351208987,1.0757574353559676,test-3
0.2944982462026454,1.0788092111727816,test-3
0.3554943287828005,1.0987775594252047,test-3
0.2903002686467857,1.0773020482366296,test-3
0.3318331096210829,1.0914651141689211,test-3
0.3413313862500463,1.0944673138721128,test-3
0.43554684424551804,1.1193185278306546,test-3
0.2900310481230767,1.0772048190374464,test-3
0.3808624403867959,1.105994807745063,test-3
0.43045748814673584,1.1182088156186383,test-3
0.4373914828009201,1.1197140925883384,test-3
0.45741245607164166,1.123779119738862,test-3
0.31023209948731056,1.0843076087358643,test-3
0.38524767524942627,1.1071763846498242,test-3
0.4068971539518237,1.1127218960043774,test-3
0.5233096587506079,1.1341858246075411,test-3
0.3139784990973994,1.0855816015220365,test-3
0.38040245978982967,1.1058697355471874,test-3
0.46347351519854363,1.1249270930055664,test-3
0.47363719479134364,1.1267656220739584,test-3
0.411756978941961,1.1139006298958078,test-3
0.46202984057814805,1.1246571518963193,test-3
0.37250411989608717,1.1036886327625035,test-3
0.5161218934700631,1.1332732895856652,test-3
0.7750007655266985,1.1320668385580106,test-3
0.7797222056226912,1.1314104645346217,test-3
0.7019457268750153,1.1394007641445334,test-3
0.7085356926738319,1.1389595017186607,test-3
0.7072232336814787,1.1390509059203104,test-3
0.7030958610056801,1.139326934999533,test-3
0.7039236821997693,1.1392729619598323,test-3
0.8403449341929509,1.1210688905193047,test-3
0.7560328522912112,1.134482807175543,test-3
0.8509367992796344,1.1189038106261178,test-3
0.7435116510970573,1.135882414752456,test-3
0.7489167282074368,1.1352973793154306,test-3
0.76342551383055,1.133583406141271,test-3
0.8395742976217299,1.12122231630129,test-3
0.8199317003671677,1.1249437963499291,test-3
0.7993660606882921,1.1284462848993506,test-3
0.8333023127309379,1.1224502327623358,test-3
0.7862771061289641,1.1304630771781312,test-3
0.8208641333922903,1.1247754063635282,test-3
0.8408269705732343,1.1209726386296,test-3
0.7948741240058421,1.1291571369606992,test-3
0.8498834886659007,1.1191238096398406,test-3
0.7500308923685644,1.1351731660849154,test-3
0.8075657973834988,1.1270984584141495,test-3
0.8786892047512401,1.1127375933754844,test-3
0.7535417879385887,1.1347736779283983,test-3
0.6433844853566593,1.1413647506229767,test-4
0.5199308385757349,1.13376366371433,test-4
0.553329844369226,1.1374064488229647,test-4
0.6299556584958556,1.1413144340208121,test-4
0.7035671519163972,1.1392962928830386,test-4
0.5210580285606652,1.133905840258783,test-4
0.7082967939159661,1.1389762697552661,test-4
0.6122217050655687,1.1409591683687388,test-4
0.5625960489669398,1.13820805915966,test-4
0.6085992689498907,1.1408460553542799,test-4
0.5712297282413485,1.1388732924147869,test-4
0.5454078152709624,1.1366491363993192,test-4
0.601061840315034,1.1405665186386433,test-4
0.6464459503929182,1.141349918054774,test-4
0.5834373474689021,1.1396795857205906,test-4
0.5429796057992382,1.136403719863276,test-4
0.6234566011956276,1.1412224613242468,test-4
0.6602814558733933,1.1411614492095392,test-4
0.566571296654639,1.138524137435148,test-4
0.6519369911702855,1.1412988985015222,test-4
0.6409185066730064,1.1413696036845544,test-4
0.7015213340788805,1.1394276663039435,test-4
0.5869376188748171,1.1398817730637214,test-4
0.7320698269661904,1.1370245287521628,test-4
0.7002627879935133,1.1395063659385736,test-4
0.38859391908940366,1.108064840207277,test-4
0.28875053013988083,1.0767414146000038,test-4
0.2840438968612,1.0750247546283227,test-4
0.3453298252053965,1.0957044064008714,test-4
0.3009752813722891,1.081101535700518,test-4
0.33073588359526435,1.091112566696381,test-4
0.3317699385628157,1.0914448489712765,test-4
0.33824124186036886,1.093500377235995,test-4
0.3826848876697304,1.1064882312541955,test-4
0.38903793235997897,1.1081818714495832,test-4
0.3812686968940719,1.1061050931796472,test-4
0.29651284218697255,1.0795265158270388,test-4
0.4037152798302656,1.1119369762433504,test-4
0.3736844005088662,1.1040185802042648,test-4
0.42747804377823234,1.1175466744615026,test-4
0.3565479183644371,1.0990901986533328,test-4
0.4719987638433941,1.1264765767601932,test-4
0.36348018166144974,1.1011194954791945,test-4
0.43529827266128657,1.119264953385341,test-4
0.3096562778740811,1.0841105893901157,test-4
0.38655302151881127,1.1075243225381513,test-4
0.3365303004847398,1.092960940716677,test-4
0.38643515166761483,1.107492975825002,test-4
0.5020037563562727,1.1313219591711663,test-4
0.3815340457005832,1.1061770362030248,test-4
0.20361728778947125,1.0425315307324126,test-4
0.13655439637651184,1.011142046468875,test-4
0.1834516777190406,1.0334852373522514,test-4
0.13904621972557063,1.0123736376682593,test-4
0.13346546089817754,1.0096085988181913,test-4
0.1,0.992528373733997,test-4
0.12380873234853827,1.0047670413041891,test-4
0.2613129202897591,1.0664404757569297,test-4
0.2266236380402693,1.0524222041526692,test-4
0.14292892284236278,1.0142829578286103,test-4
0.15960210648179604,1.0223457015275625,test-4
0.18510058324095752,1.0342379089866474,test-4
0.1235459427343798,1.0046342860670658,test-4
0.22302409248428443,1.0509054834897735,test-4
0.19399396836218363,1.0382577922845366,test-4
0.1,0.992528373733997,test-4
0.13760774491788821,1.011663260277646,test-4
0.21204324403453545,1.0462077897984476,test-4
0.11380033407856281,0.9996739981339134,test-4
0.2628876374988033,1.067050711798311,test-4
0.2247976517988444,1.0516542370826096,test-4
0.21281986710594777,1.0465435173657898,test-4
0.2141113842831484,1.0471006600738317,test-4
0.14343417371221007,1.014530541235538,test-4
0.2678352453105146,1.068953034134827,test-4
0.5143513812642168,1.1330401280628357,test-4
0.5226569379299429,1.1341052122207351,test-4
0.5163466749807689,1.1333026543934994,test-4
0.4949691023092313,1.1302711091212188,test-4
0.5973134656525454,1.1404052669866487,test-4
0.5355641255412483,1.1356156409556055,test-4
0.5130281808744047,1.1328637105597705,test-4
0.5030795781752638,1.131478063054864,test-4
0.5519817416089443,1.13728226183311,test-4
0.5535798496766762,1.137429268037745,test-4
0.5328835677636972,1.1353164524465071,test-4
0.5025792755473573,1.131405620137358,test-4
0.5461272202759391,1.1367206484050147,test-4
0.5642798127859916,1.1383439763030039,test-4
0.5091566063112036,1.1323369017353784,test-4
0.401258485331752,1.111323804902352,test-4
0.5635073496284922,1.1382819933003288,test-4
0.6849698127682319,1.1403333719760793,test-4
0.7083632564495187,1.1389716106457612,test-4
0.6015435382588955,1.1405861692652275,test-4
0.6305944042392507,1.1413210901934208,test-4
0.5835808327128016,1.139688127817092,test-4
0.682562472319908,1.1404417316842705,test-4
0.7273254064933641,1.1374595921977828,test-4
0.6273614825125755,1.1412830185074088,test-4
0.9146859252966356,1.1036963374700859,test-4
0.959169990254111,1.0909444622079283,test-4
0.8328271122859656,1.1225417560852728,test-4
0.9967863102334377,1.078847008078664,test-4
0.9223680925405667,1.1016172496243959,test-4
0.9828345021215129,1.083471428765062,test-4
0.951574746100032,1.0932426463145433,test-4
0.9963385352211067,1.0789979139783488,test-4
0.893899159339538,1.1090593888800984,test-4
1.0021776232967072,1.0770171974720983,test-4
1.0153569494458303,1.072444719400689,test-4
0.9702844036300556,1.0874932239811224,test-4
0.9568014538743004,1.091666412704205,test-4
1.0314710858271976,1.0666645319972425,test-4
1.0092146348806448,1.0745932378435825,test-4
0.9577946596145728,1.0913642557676522,test-4
0.9590950555653591,1.0909673760021876,test-4
0.9598015545622373,1.0907511507716552,test-4
0.953732596552768,1.0925947229975446,test-4
0.9581258779241715,1.0912633046534488,test-4
1.0778632038480067,1.0488897499352277,test-4
1.0938434816209213,1.0423881751649609,test-4
1.0536456351806944,1.058375643077215,test-4
1.0896271821897239,1.0441220280231076,test-4
0.9598781005346297,1.0907276982995087,test-4
0.8247413114576285,1.1240663499050734,test-4
0.726230585094754,1.137556771157461,test-4
0.6296461082519934,1.141311054934678,test-4
0.7489275894658115,1.135296174405196,test-4
0.773384123667538,1.1322865628568315,test-4
0.7479866042946389,1.1354001283121762,test-4
0.8207846791104395,1.1247897874374875,test-4
0.6962899401291024,1.1397441973698785,test-4
0.704231973342297,1.1392526834304606,test-4
0.8172197901489525,1.1254288370846601,test-4
0.8260148986650707,1.1238303213750234,test-4
0.8097798628059323,1.1267234344605987,test-4
0.856143008554568,1.117801260130574,test-4
0.803190501206248,1.127825703853214,test-4
0.7952343207792872,1.1291008555727733,test-4
0.8642241420644403,1.1160401028483724,test-4
0.9881638014109586,1.081723953997606,test-4
0.849022075042497,1.1193029596055835,test-4
0.8240754615159609,1.1241891362076057,test-4
0.7422263809372049,1.1360172405739837,test-4
0.7873556883830919,1.130303174641009,test-4
0.9008007103518513,1.1073215602821187,test-4
0.8295155753511834,1.1231736343257204,test-4
0.7554595795625686,1.1345502911271934,test-4
0.8562030233816447,1.1177884036444088,test-4
1.126653612803797,1.0284521080282587,test-4
1.1338418998078887,1.0252956514223726,test-4
1.1666748435138332,1.0104197892031637,test-4
1.0525217570665895,1.0588049587985089,test-4
1.2252114422527451,0.9821042246487621,test-4
1.0396183479702954,1.0636637539650964,test-4
1.0556811456725157,1.0575956070628756,test-4
1.2260097885549586,0.9817027520038235,test-4
1.2097881725792392,0.9897809693778876,test-4
1.1529901455525837,1.016710504841602,test-4
1.1660177418327196,1.0107247703090454,test-4
1.2038287974416817,0.9927063986315523,test-4
1.1043360308002614,1.0380165194578432,test-4
1.2256324425244014,0.9818925619205119,test-4
1.2264273543173774,0.9814926065784193,test-4
1.2246811029887346,0.9823706998528212,test-4
1.1904480380610272,0.9991909209367011,test-4
1.14607015395134,1.0198425564673106,test-4
1.1889290802902617,0.9999196183724923,test-4
1.187613714294744,1.0005494163166837,test-4
1.2036277743317818,0.9928046800335739,test-4
1.198444096492601,0.9953299547418506,test-4
1.177552064763099,1.0053289911323076,test-4
1.1982916280556175,0.9954039665078809,test-4
1.1858958129820065,1.0013702268783051,test-4
0.9364973335079932,1.097658246182116,test-4
0.9023441123778431,1.106927086885077,test-4
0.9352777907967726,1.0980068205705247,test-4
0.8181895037353885,1.1252562036372056,test-4
0.9656666317038267,1.0889398010151732,test-4
0.9182513142865509,1.1027378757389183,test-4
0.9324455526588369,1.09881135709219,test-4
0.8883392034222111,1.1104282308232383,test-4
0.9148787973643248,1.10364477614212,test-4
0.9274526983248067,1.1002126298422916,test-4
0.8979094639870475,1.1080547859509078,test-4
0.9244468857880578,1.101045722519637,test-4
0.8446045829520714,1.1202107903327787,test-4
0.900077425379946,1.107505689077473,test-4
0.8917551273771442,1.1095905452032668,test-4
0.9614317727212293,1.0902506033055,test-4
0.8474182319085862,1.119634670017021,test-4
1.0101121046743236,1.0742812110433515,test-4
0.8439334824308654,1.1203471107079426,test-4
0.9607263115978595,1.0904674870531645,test-4
0.9244650347615456,1.1010407160893672,test-4
0.8562534509107033,1.1177775983837317,test-4
1.0376573103723803,1.0643908082892943,test-4
0.9615820127549629,1.0902043597025344,test-4
0.82759822667133,1.1235347449738613,test-4
0.9768876705282409,1.0853935468850247,test-4
1.1458334067694014,1.0199491232959974,test-5
0.9982874457902493,1.0783399086832606,test-5
1.1333448033750722,1.0255151080616616,test-5
1.0361510649564807,1.0649471983286005,test-5
1.0740361235314921,1.0504184329093538,test-5
1.0512512566278451,1.059289107864853,test-5
1.089486151893467,1.0441797957678767,test-5
1.0319101584232475,1.0665041474180852,test-5
1.0142283823502773,1.0728417600143243,test-5
1.0827381459125247,1.0469265717753196,test-5
0.9592962500323345,1.0909058432578478,test-5
0.9977595184234566,1.0785184583146181,test-5
1.1121596924383694,1.0347045080946433,test-5
0.9816490471259613,1.083856936966586,test-5
1.0658727311251162,1.053642198841191,test-5
1.0662731633684828,1.0534852463380011,test-5
1.1222438076570695,1.030370339495655,test-5
1.0896234250459953,1.044123567186745,test-5
1.0893936249720657,1.044217687915823,test-5
1.087832324069745,1.0448561220513266,test-5
1.170326186157978,1.0087197634945178,test-5
1.0974364344661387,1.0409002973240336,test-5
1.0491517866544027,1.060086413319739,test-5
1.1725086450252389,1.0076993356845938,test-5
1.1907669700530743,0.9990377250151292,test-5
0.8046417347475824,1.1275865265779443,test-5
0.8630377915014072,1.1163024288168892,test-5
0.794835107041611,1.129163225887949,test-5
0.7289956251670835,1.1373090150539804,test-5
0.8335831550320492,1.122396042530655,test-5
0.8974897111290634,1.1081606131462594,test-5
0.8085666385372745,1.1269295161824453,test-5
0.901662890004791,1.107101461046367,test-5
0.9378743575073246,1.0972631093129155,test-5
0.8418445788046891,1.1207687291205044,test-5
0.8357388069492384,1.1219776202286047,test-5
0.849212226870544,1.1192634728453856,test-5
0.8768986599496249,1.1131567778273794,test-5
0.8972611027995989,1.1082181828888649,test-5
0.874926962541525,1.113614986633453,test-5
0.9020650342016251,1.1069985733746273,test-5
0.8414971890970362,1.1208384486618272,test-5
0.9368662200741884,1.0975525554233396,test-5
0.9014503427758093,1.1071557823549876,test-5
0.8464283487292621,1.1198382013159618,test-5
0.9088592454699661,1.1052384757984934,test-5
0.9222493900808201,1.1016497702513144,test-5
0.8972896665513085,1.1082109923300019,test-5
0.9100783152725862,1.1049183175367983,test-5
0.8348026120868782,1.1221598781403257,test-5
1.0832525167397098,1.0467183925378654,test-5
1.1931097164744962,0.997910359294296,test-5
1.223520091963543,0.9829534442647392,test-5
1.2400497836898858,0.9745771166191588,test-5
1.1248242184007426,1.0292495628840665,test-5
1.1910209512961698,0.9989156796850374,test-5
1.203806495479337,0.9927173034848049,test-5
1.2064308478270833,0.9914318820114736,test-5
1.1550231632204788,1.0157840583493885,test-5
1.2070680728681513,0.9911190947358002,test-5
1.2729627417564309,0.9573991840675837,test-5
1.28713062945374,0.9498055372667424,test-5
1.2070910982639458,0.9911077876241345,test-5
1.264243265288122,0.9620136663720802,test-5
1.1549294198342446,1.0158268397678507,test-5
1.3139367479107562,0.9351207412475941,test-5
1.2699533653720243,0.9589969069831716,test-5
1.2737865865604794,0.9569608566124617,test-5
1.2211199340857615,0.9841554515951128,test-5
1.2916386535641873,0.9473647763725055,test-5
1.2447594076241892,0.9721594645108138,test-5
1.254787804914272,0.9669661547528929,test-5
1.19971266579822,0.9947135741525033,test-5
1.3377956887428561,0.9217111920521008,test-5
1.2710244348283288,0.9584288762270334,test-5
0.9782739635538205,1.0849481069033486,test-5
0.9895987612692616,1.0812494174836849,test-5
0.9264114948993418,1.1005021057892859,test-5
0.9191892641751604,1.1024838691619465,test-5
0.9742189378523034,1.0862465362106004,test-5
1.0716190774975207,1.0513782000774217,test-5
0.9577790552217381,1.091369009486264,test-5
0.9578312533812585,1.0913531070387859,test-5
0.9440672394100486,1.0954657867261388,test-5
0.9081880961075015,1.1054141727658573,test-5
0.9339045322863815,1.0983977846611725,test-5
0.9445703456070343,1.09531831979678,test-5
0.9971924252368274,1.0787100001350571,test-5
0.9737538936042632,1.0863945655325353,test-5
0.8790641232932774,1.1126494510976208,test-5
0.890365991019329,1.1099324735607992,test-5
0.9403364658376957,1.0965525147585486,test-5
0.8894746797247575,1.1101509476819456,test-5
0.9641370226646847,1.0894150057985192,test-5
0.99603362963946,1.079100577043727,test-5
0.8780943105477288,1.1128771883878366,test-5
0.976489876355589,1.0855210687924357,test-5
0.922287521717083,1.101639324768197,test-5
0.8974269007386273,1.1081764351694605,test-5
0.8985648892185963,1.107889225479071,test-5
1.3053072302760422,0.9398927911348598,test-5
1.3601083270627576,0.9088910367426175,test-5
1.2000511114443106,0.9945489509758392,test-5
1.3216710472427295,0.930808253529225,test-5
1.2068645174539867,0.9912190400931156,test-5
1.2697374014414924,0.9591113586555251,test-5
1.2241784758360075,0.9826230870989574,test-5
1.2055626508934687,0.9918576220497497,test-5
1.2923507787138582,0.9469781379150164,test-5
1.1354954992471151,1.024564372189679,test-5
1.2790864747285822,0.954131465717063,test-5
1.3208948677398398,0.9312425390180346,test-5
1.2775953169689744,0.9549292061360335,test-5
1.2559372110494043,0.9663670117763499,test-5
1.2997153976409181,0.942962508065565,test-5
1.2122179164554374,0.9885816610124902,test-5
1.277698430890388,0.9548740842810235,test-5
1.2307643055152366,0.9793035037929887,test-5
1.2965141411281185,0.944711850158354,test-5
1.1993378056639554,0.9948958226788753,test-5
1.1462111363417846,1.0197790776682818,test-5
1.2392373831326176,0.9749927723641212,test-5
1.34379936133679,0.9182878845969888,test-5
1.252316666823848,0.9682515531779139,test-5
1.2222027430650106,0.9836136282110677,test-5
1.002117700244366,1.0770376656936416,test-5
0.9795850245481974,1.084525365524415,test-5
0.803661738666278,1.127748261726834,test-5
1.0309530489850465,1.0668535647151378,test-5
0.8946705862122373,1.1088672652474056,test-5
0.8853777010578437,1.1111459408906237,test-5
0.9676409484447326,1.0883235189692215,test-5
0.8635457281849379,1.1161902727121165,test-5
0.918144320499282,1.1027668014999459,test-5
0.8597874403237246,1.1170144900659666,test-5
0.9864185423884647,1.0822988129424749,test-5
0.8894440714392404,1.1101584375009461,test-5
0.9608723994964479,1.0904226091017233,test-5
0.8959401925460144,1.1085499048865424,test-5
0.8943877502853069,1.1089377676204664,test-5
0.9879563487366725,1.0817924172557127,test-5
0.9285961373774724,1.0998936381528632,test-5
0.9190523046159677,1.1025210075644267,test-5
0.8900033833372579,1.1100214408476545,test-5
0.8315794262236798,1.1227810450510807,test-5
0.8871826001008724,1.1107094746011024,test-5
0.8703821722518136,1.1146576188284811,test-5
0.9393417700258003,1.0968402276011497,test-5
0.8978373367872257,1.1080729817544523,test-5
0.8573821255019967,1.1175351367925874,test-5
1.2047070751680098,0.9922766966364132,test-5
1.236592672134449,0.9763430781216549,test-5
1.2157377804735603,0.9868375707879342,test-5
1.2172525517366692,0.9860845687845055,test-5
1.1556130611290212,1.0155147096267334,test-5
1.2528148201469105,0.9679927300968816,test-5
1.130830561478131,1.0266224153395291,test-5
1.0878192912110318,1.044861443716866,test-5
1.176762916709128,1.00570100638797,test-5
1.0917293847598257,1.0432591919362912,test-5
1.197251746984302,0.9959083449426256,test-5
1.1402617983143937,1.022445796303747,test-5
1.1104069096746327,1.0354503796555057,test-5
1.2092517860455256,0.9900452161073727,test-5
1.0834352426868747,1.0466443910030274,test-5
1.156446291811241,1.015133847342608,test-5
1.0696135400088256,1.0521712078649257,test-5
1.1083137861707972,1.036338161607591,test-5
1.0893311304933804,1.0442432774133124,test-5
1.144961782536764,1.0203411310123929,test-5
1.0118549692310415,1.0736734039560314,test-5
1.0732832240036052,1.0507178697835833,test-5
1.135149046909479,1.0247177449301457,test-5
1.0232156223516158,1.0696516473468012,test-5
1.0551005087371244,1.0578184408781448,test-5
0.7304832464225625,1.1371725369623906,test-5
0.773903620116193,1.1322162356311964,test-5
0.7841412786000873,1.1307763751301931,test-5
0.7988530908028068,1.1285284494265642,test-5
0.7931293741187675,1.129427978076103,test-5
0.7954801436949335,1.1290623731713672,test-5
0.780543343653211,1.1312940830185028,test-5
0.6517157546999678,1.1413015597283667,test-5
0.7684582639310388,1.1329402281590553,test-5
0.7756963110977394,1.1319715154387673,test-5
0.7098206099770307,1.1388683204752867,test-5
0.7380644693071152,1.136442497540622,test-5
0.7516089132402465,1.1349951264104825,test-5
0.7122747022948659,1.1386895143473306,test-5
0.676553121359635,1.1406862393893111,test-5
0.7832027919985725,1.130912632358438,test-5
0.7433243480324663,1.1359021656759545,test-5
0.7074397643107234,1.1390359465494004,test-5
0.7259025205360615,1.1375856558702209,test-5
0.755494491626635,1.1345461907037628,test-5
0.7641241642548848,1.1334956129336877,test-5
0.6534311582660641,1.1412795948855678,test-5
0.6783057534560055,1.1406187648647634,test-5
0.6408120735067369,1.1413696705652967,test-5
0.6674901104820111,1.1409846549364806,test-5
0.700941442152132,1.1394641287822833,test-5
0.1,0.992528373733997,test-6
0.1,0.992528373733997,test-6
0.1,0.992528373733997,test-6
0.1,0.992528373733997,test-6
0.1,0.992528373733997,test-6
0.1,0.992528373733997,test-6
0.1,0.992528373733997,test-6
0.1,0.992528373733997,test-6
0.1,0.992528373733997,test-6
0.1,0.992528373733997,test-6
0.1,0.992528373733997,test-6
0.1,0.992528373733997,test-6
0.1,0.992528373733997,test-6
0.1,0.992528373733997,test-6
0.1,0.992528373733997,test-6
0.1,0.992528373733997,test-6
0.1,0.992528373733997,test-6
0.1,0.992528373733997,test-6
0.1,0.992528373733997,test-6
0.1,0.992528373733997,test-6
0.1,0.992528373733997,test-6
0.1,0.992528373733997,test-6
0.1,0.992528373733997,test-6
0.1,0.992528373733997,test-6
0.1,0.992528373733997,test-6
0.22901843907502875,1.053424900116425,test-6
0.28741970707331627,1.0762581529717936,test-6
0.35139467192975915,1.0975504702862575,test-6
0.3373038634537896,1.0932051931834152,test-6
0.2681761709018345,1.0690832788458338,test-6
0.36352333459456126,1.1011319765249117,test-6
0.1711616470863671,1.0278035660973497,test-6
0.28305824010351444,1.0746625948031556,test-6
0.2866330058061351,1.0759716869850855,test-6
0.3769660713649559,1.1049285587951407,test-6
0.27115367048289896,1.0702161707792106,test-6
0.2593284735245123,1.0656681918356379,test-6
0.3200910177292281,1.0876309125688501,test-6
0.3471955578870694,1.0962762148122513,test-6
0.30180400064046753,1.081391927095027,test-6
0.29136010963093606,1.0776841397617383,test-6
0.21066974706212066,1.0456127478848396,test-6
0.3683413444268422,1.1025136876965473,test-6
0.26165074112354186,1.066571581990834,test-6
0.36493361300947913,1.101538837423788,test-6
0.31376095545488625,1.0855079966954646,test-6
0.28601507150826017,1.075746263149185,test-6
0.356858492727133,1.0991821454365127,test-6
0.33424728306699175,1.0922366303872337,test-6
0.34399709030755987,1.095293830852718,test-6
0.1,0.992528373733997,test-6
0.1,0.992528373733997,test-6
0.1,0.992528373733997,test-6
0.1,0.992528373733997,test-6
0.1,0.992528373733997,test-6
0.1,0.992528373733997,test-6
0.1,0.992528373733997,test-6
0.1,0.992528373733997,test-6
0.1,0.992528373733997,test-6
0.1,0.992528373733997,test-6
0.1,0.992528373733997,test-6
0.1051394071788321,0.9952059510630951,test-6
0.1,0.992528373733997,test-6
0.1,0.992528373733997,test-6
0.1,0.992528373733997,test-6
0.1,0.992528373733997,test-6
0.1,0.992528373733997,test-6
0.1,0.992528373733997,test-6
0.1,0.992528373733997,test-6
0.1,0.992528373733997,test-6
0.1,0.992528373733997,test-6
0.1,0.992528373733997,test-6
0.12911941391764953,1.0074385333766571,test-6
0.1420410344641261,1.0138473857495809,test-6
0.13655110283051336,1.0111404154089936,test-6
0.3997525129775902,1.11094487856447,test-6
0.4772039934100004,1.1273851047822037,test-6
0.4815412510537621,1.1281203729909834,test-6
0.47067659850340143,1.1262412694355357,test-6
0.49082773862618406,1.1296280525693543,test-6
0.4692574715827649,1.1259866627606652,test-6
0.4646471252671011,1.125144926444518,test-6
0.48889648666740537,1.129321992541355,test-6
0.4522745593180077,1.1227758695278858,test-6
0.49036184025249585,1.1295545779367606,test-6
0.44192264654800256,1.1206707157726652,test-6
0.4453690449301301,1.121383993532885,test-6
0.49438388933297656,1.130181336564307,test-6
0.4434385686313233,1.1209859820295967,test-6
0.43982725938378714,1.1202309942633222,test-6
0.42761741574439405,1.1175778533858103,test-6
0.5108868668246058,1.1325742972410855,test-6
0.4482702248268086,1.1219748229577613,test-6
0.5640375803174985,1.1383246072534483,test-6
0.46612975295572395,1.1254180510983514,test-6
0.4793557637761324,1.1277523548911828,test-6
0.5049258683423555,1.1317431153619566,test-6
0.5152067628685479,1.133153188272042,test-6
0.5398005293518384,1.1360729867350738,test-6
0.48238509418730574,1.1282611240468845,test-6
0.8753679500349041,1.1135128125254303,test-6
0.860873466200877,1.1167776580531816,test-6
0.7527914576000587,1.134860083640329,test-6
0.8477561155189757,1.119564987789147,test-6
0.826451953884805,1.1237489691661362,test-6
0.8061072390462047,1.1273429404088282,test-6
0.7448605576927783,1.1357391396495662,test-6
0.8928966860437602,1.1093082542036388,test-6
0.8650317971179522,1.1158607716780942,test-6
0.8531043849181376,1.118447829208991,test-6
0.8306006163170225,1.1229677379721483,test-6
0.82581859366235,1.1238668020703781,test-6
0.8997277743995084,1.1075945328176688,test-6
0.9190889969362416,1.1025110595751602,test-6
0.8972436895333106,1.1082225660964604,test-6
0.9056089085378431,1.106085636350275,test-6
0.930694916551356,1.0993051585448543,test-6
0.9018923665895745,1.1070427677007477,test-6
0.8491970572908901,1.1192666241845717,test-6
0.958499050592897,1.0911494546415057,test-6
0.9191936799919785,1.1024826714796414,test-6
0.8720234855609241,1.114283263294891,test-6
0.9153519617981271,1.1035181437305384,test-6
0.9486536643370831,1.0941133927442215,test-6
0.854816130527824,1.118084652558967,test-6
0.6319349118951241,1.1413336733590236,test-6
0.6319559238256178,1.1413338556548775,test-6
0.685031127983584,1.140330534359951,test-6
0.6881105894079654,1.1401830594250937,test-6
0.7504409880616285,1.1351271353444912,test-6
0.7123606187593693,1.138683143747469,test-6
0.7101681849582785,1.1388433675327252,test-6
0.7013031794460415,1.1394414236562702,test-6
0.7184876954444808,1.1382095454655525,test-6
0.6071142841125423,1.1407957041874472,test-6
0.6095835616977257,1.1408781534914694,test-6
0.6882036512485367,1.1401784513641284,test-6
0.6007383398180031,1.140553184638789,test-6
0.6726514556625132,1.140825090841496,test-6
0.7299061159268676,1.1372257485472543,test-6
0.589457054263346,1.1400193110507821,test-6
0.7187682649953946,1.1381869488284584,test-6
0.6665082961888131,1.1410118945791465,test-6
0.7318129281322814,1.1370486658132564,test-6
0.7423308272353842,1.1360063456723646,test-6
0.6851224674047834,1.140326300095571,test-6
0.7269634726075584,1.1374918518732946,test-6
0.6822543638969623,1.1404551707872317,test-6
0.7213462450827772,1.13797559850786,test-6
0.7157480561345212,1.1384260069358523,test-6
0.4056391469407156,1.11241280920243,test-6
0.49761276552557454,1.1306721489815157,test-6
0.43902224397083367,1.120060843687685,test-6
0.45077791870526857,1.1224784354098194,test-6
0.4667874047327903,1.1255384630767908,test-6
0.4904603421602603,1.129570131280842,test-6
0.42682027792984334,1.1173992536070174,test-6
0.45151076384918704,1.122624369598009,test-6
0.481947533588429,1.1281882335292428,test-6
0.42199562775626454,1.1163042258502918,test-6
0.4523925397850947,1.1227992167374865,test-6
0.4462725225713864,1.1215689301354823,test-6
0.5288604564198467,1.134853153083621,test-6
0.4282461278677725,1.117718252162727,test-6
0.4660342889531422,1.1254005345087406,test-6
0.39504679887470584,1.1097458644656077,test-6
0.5092078013038572,1.1323439712061854,test-6
0.4678576665567166,1.1257334510164405,test-6
0.42774919202738737,1.1176073145440513,test-6
0.544280286184387,1.1365359538086255,test-6
0.635390046717095,1.1413574555793464,test-6
0.4756015436290613,1.1271084455088791,test-6
0.5426781027123986,1.1363728120224215,test-6
0.5484473755229925,1.136947552702527,test-6
0.5106009733677284,1.1325352901701584,test-6
0.8581030390927221,1.1173796523856097,test-6
0.8749664037006489,1.1136058555955777,test-6
0.8131515890289359,1.126143293436983,test-6
0.8267730255446201,1.1236890904080608,test-6
0.8432548107715483,1.1204845401990813,test-6
0.9361079672570087,1.0977696765943181,test-6
0.8373893554831869,1.1216542820479503,test-6
0.992598289008991,1.08025200070874,test-6
0.8876183264004297,1.1106036639291341,test-6
0.9429512671465868,1.0957921142630838,test-6
0.9091893271883723,1.105151918413633,test-6
0.8366907858125314,1.1217914430140028,test-6
0.9014356133014662,1.1071595453122636,test-6
0.9086731702018926,1.1052872276689614,test-6
0.8455389164025039,1.1200202977979825,test-6
0.9474738732262746,1.0944630032337657,test-6
0.8479864953775315,1.119517415106607,test-6
0.8858637573532653,1.1110286915923828,test-6
0.8983621433226823,1.1079404802635713,test-6
0.8661541305774327,1.1156105718145688,test-6
0.911573064653476,1.1045239583146231,test-6
0.9514759938823664,1.0932722027263688,test-6
0.8992826439459507,1.1077074787445311,test-6
0.8361739790161149,1.1218926200930024,test-6
0.8804176331709583,1.112330179352465,test-6
0.8129798044489376,1.1261731140085436,test-6
0.8827373410283466,1.1117791203140592,test-7
0.9299163199098706,1.0995239188354295,test-7
0.8558496707010265,1.1178640514242746,test-7
0.870558141440872,1.1146176014868123,test-7
0.8779115811456533,1.112920002016535,test-7
0.7712273422391513,1.132575704799716,test-7
0.8812276511569254,1.1121383112330672,test-7
0.8744208273214156,1.1137320359664074,test-7
0.8010503867089342,1.1281747126749888,test-7
0.8412726942566987,1.1208834435560067,test-7
0.8203953030890305,1.1248601768642372,test-7
0.8893560399656053,1.110179974002984,test-7
0.8110209941353254,1.1265111515467994,test-7
0.8130663827498403,1.126158088166048,test-7
0.8061773105569998,1.127331241854144,test-7
0.9050719728553782,1.1062246765869832,test-7
0.8168265800096005,1.1254985827254749,test-7
0.7714652916400848,1.1325440291616458,test-7
0.7447018187142453,1.1357560944958998,test-7
0.7302220677500989,1.1371966591851774,test-7
0.7592610109977375,1.1340967169227896,test-7
0.7204573711114719,1.1380492294256155,test-7
0.7578554585681362,1.1342660909520772,test-7
0.8473517140448208,1.119648375534289,test-7
0.8131605635905218,1.1261417347412173,test-7
0.4372136442729066,1.119676111094813,test-7
0.44773411231925847,1.1218663048026127,test-7
0.4220566111889821,1.1163182174393083,test-7
0.5103422161998981,1.1324999111024217,test-7
0.5325886953152419,1.1352830764698596,test-7
0.5242049219912146,1.1342956587895539,test-7
0.42923216024248695,1.1179376185991174,test-7
0.48983692259378275,1.1294715215460274,test-7
0.45597001579085616,1.1235002510022427,test-7
0.4332178998767344,1.1188140527409396,test-7
0.4349937648908458,1.119199235460698,test-7
0.3621620899623205,1.1007373638305695,test-7
0.4083031543080021,1.1130654171038716,test-7
0.4434257205388632,1.1209833200811545,test-7
0.4124922864972229,1.1140768564755554,test-7
0.3780415441256314,1.1052244033759862,test-7
0.44892814071296827,1.1221075859137235,test-7
0.3301542251235841,1.090925194496476,test-7
0.4694901136636588,1.1260285461899273,test-7
0.4300119896590886,1.1181103955451586,test-7
0.42799382333223657,1.1176619588756278,test-7
0.33374523331129496,1.0920766597939486,test-7
0.338468692147445,1.0935718711218279,test-7
0.38265467719512936,1.1064800793599987,test-7
0.4622161026146434,1.124692102308048,test-7
0.1,0.992528373733997,test-7
0.1,0.992528373733997,test-7
0.1,0.992528373733997,test-7
0.1,0.992528373733997,test-7
0.1,0.992528373733997,test-7
0.1,0.992528373733997,test-7
0.1,0.992528373733997,test-7
0.1,0.992528373733997,test-7
0.1,0.992528373733997,test-7
0.1,0.992528373733997,test-7
0.1,0.992528373733997,test-7
0.1,0.992528373733997,test-7
0.1,0.992528373733997,test-7
0.1,0.992528373733997,test-7
0.1,0.992528373733997,test-7
0.1,0.992528373733997,test-7
0.1,0.992528373733997,test-7
0.1,0.992528373733997,test-7
0.1,0.992528373733997,test-7
0.1,0.992528373733997,test-7
0.1,0.992528373733997,test-7
0.1,0.992528373733997,test-7
0.1,0.992528373733997,test-7
0.1,0.992528373733997,test-7
0.1,0.992528373733997,test-7
0.3139483479073935,1.0855714027596162,test-7
0.2672374912803894,1.0687244111140484,test-7
0.4357429016797331,1.1193607385976805,test-7
0.3315953163182995,1.0913888099181794,test-7
0.39332813457943205,1.109302297151419,test-7
0.3637333659145073,1.1011926967567538,test-7
0.3403226837220917,1.0941527211031266,test-7
0.2535338851787891,1.0633923261083544,test-7
0.20686659497850846,1.043956519937294,test-7
0.326278950128984,1.0896683447708764,test-7
0.2588033090216262,1.06546320527551,test-7
0.2205052935748289,1.04983731684871,test-7
0.23926840971884356,1.0576584811923515,test-7
0.25200236095708445,1.0627856499158421,test-7
0.17499911263510687,1.0295911273485243,test-7
0.2068349730156705,1.0439426961960394,test-7
0.30730663805412295,1.0833033255014446,test-7
0.22817187602490652,1.0530710311905078,test-7
0.17523293255183614,1.0296996502045332,test-7
0.24983886819957352,1.0619249713760284,test-7
0.33552483947572354,1.0926425824340742,test-7
0.22663529732569238,1.052427098243038,test-7
0.25879795149616325,1.0654611127692646,test-7
0.2344641276768179,1.0556859060576222,test-7
0.2728214490394706,1.0708471135961481,test-7
0.5338931198742948,1.1354300250374343,test-7
0.6114649720373223,1.140936676938019,test-7
0.5531611523466061,1.1373910141306975,test-7
0.6274928693581346,1.1412847787309417,test-7
0.5268700609604452,1.1346176107132684,test-7
0.4900284196088023,1.1295018552822464,test-7
0.5603833905996909,1.1380248929407093,test-7
0.5744165563806817,1.1390989476224949,test-7
0.575772437955813,1.1391917045670343,test-7
0.4453788803048706,1.1213860113631622,test-7
0.554367084423579,1.1375006911408252,test-7
0.5631714796807419,1.138254846172262,test-7
0.5392143262700313,1.1360108341674502,test-7
0.6027044780894198,1.1406325266609794,test-7
0.5057181993558041,1.1318557581190398,test-7
0.5684231767430911,1.1386656829088606,test-7
0.5279318947350146,1.1347437889478789,test-7
0.5665660522848318,1.1385237314458485,test-7
0.550426654927643,1.1371366205315363,test-7
0.605307183985279,1.1407313066120675,test-7
0.48563679628227374,1.1287964896854215,test-7
0.500790464089917,1.1311444420969576,test-7
0.5752955353542971,1.139159300518409,test-7
0.5098488004037013,1.132432251833173,test-7
0.5891693769021913,1.1400039447853407,test-7
0.25800208068611186,1.0651499725741622,test-7
0.19261798962714716,1.037640232632884,test-7
0.33743402149559804,1.0932462324192278,test-7
0.2239085645174832,1.0512792350200597,test-7
0.2675008491545695,1.0688251786435012,test-7
0.2935114310626972,1.078456435812503,test-7
0.17690105544483414,1.0304725569529984,test-7
0.2351623355008419,1.0559738721325636,test-7
0.2862040981414185,1.0758152589565149,test-7
0.30436405396267313,1.0822848200323618,test-7
0.32827193043689473,1.0903165616580917,test-7
0.2138914914025789,1.0470059045469824,test-7
0.24998369225371495,1.0619827189359374,test-7
0.1614135488398774,1.0232081924985332,test-7
0.2291059916614788,1.0534614611677067,test-7
0.236449895124215,1.0565037579339576,test-7
0.29916260886114243,1.0804640566557469,test-7
0.22473126728516007,1.0516262614635834,test-7
0.24114695154211352,1.0584241190729697,test-7
0.33099661365293065,1.091196448723455,test-7
0.22854373534447925,1.0532265496100148,test-7
0.31607789722541857,1.0862895579719318,test-7
0.2255562577629846,1.0519736490772826,test-7
0.2854601910414411,1.0755435328380156,test-7
0.2520559237886926,1.0628069038391426,test-7
0.5679723201804139,1.138631556040076,test-7
0.5793086366773319,1.1394244897973052,test-7
0.6336027286526744,1.1413467090602882,test-7
0.6151413484048517,1.1410403148124986,test-7
0.7038495623377026,1.139277822931189,test-7
0.6139997959725026,1.1410096518836688,test-7
0.5758552072971177,1.139197304038765,test-7
0.48393438089522056,1.1285175898339261,test-7
0.49888176556200015,1.1308620352085548,test-7
0.6370395151241917,1.1413644158061544,test-7
0.6121861274995836,1.1409581244026108,test-7
0.580485549506986,1.1394990386099517,test-7
0.652494509071469,1.1412919667937529,test-7
0.5891654961752499,1.1400037369005145,test-7
0.532075352226345,1.1352247528585317,test-7
0.6259978707270331,1.1412636839641053,test-7
0.6761805049532367,1.1407001771894185,test-7
0.5877589130571474,1.1399273430449834,test-7
0.5599965005846648,1.137992334290793,test-7
0.5279248109435736,1.1347429511283016,test-7
0.7260958397616797,1.1375686480415756,test-7
0.67019533886282,1.1409044504397943,test-7
0.7117958769133457,1.1387248815383415,test-7
0.6048680802998601,1.1407151406308915,test-7
0.6308644287305589,1.1413237758484884,test-7
0.33240864765472694,1.091649564966573,test-7
0.34194563875818673,1.0946583917825408,test-7
0.36326826934674833,1.1010581772701509,test-7
0.4195103854108183,1.115730755527855,test-7
0.3450360452911707,1.0956140533623102,test-7
0.3573851077197622,1.0993378310250095,test-7
0.4004840114296228,1.1111292257080267,test-7
0.2931060463148073,1.078311245753592,test-7
0.40051668977285915,1.1111374482673895,test-7
0.2828696296243067,1.0745931888813403,test-7
0.4225978371891559,1.1164422236093863,test-7
0.4266254306894714,1.1173554975848696,test-7
0.393333517044724,1.1093036910192267,test-7
0.40049695877344227,1.1111324836634537,test-7
0.3792284920249974,1.105549550726575,test-7
0.45547892819809643,1.1234048114822617,test-7
0.3958803025972169,1.1099598937896968,test-7
0.45504706407307477,1.1233206730715748,test-7
0.32053232348206684,1.0877774567427032,test-7
0.40208157893064267,1.111529924533335,test-7
0.3606424141568929,1.1002946228405552,test-7
0.37839475865917116,1.1053213108500686,test-7
0.48766047556814485,1.1291240497480437,test-7
0.365279684411109,1.1016383719788425,test-7
0.38208331538379803,1.1063257302218328,test-7
0.35606135785104454,1.0989459561968735,test-7
0.6699084368484287,1.1409133146015644,test-8
0.6499039220864349,1.14132144125207,test-8
0.6328368677604478,1.1413410836957256,test-8
0.652122899064716,1.1412966229423716,test-8
0.5723279586927255,1.1389522676326382,test-8
0.6672552920859374,1.1409912603847596,test-8
0.7081612104256595,1.1389857604175502,test-8
0.6707030712243379,1.1408885553166996,test-8
0.5894796351217849,1.1400205135148944,test-8
0.6130373018275991,1.1409827365432683,test-8
0.6991632020887828,1.1395738036029888,test-8
0.6504579223873966,1.1413157240273368,test-8
0.6473165948402161,1.1413439191335382,test-8
0.6282600618605422,1.1412946966307498,test-8
0.6794209255876751,1.1405741866915022,test-8
0.6735807434330595,1.1407934426043682,test-8
0.6020241380360529,1.1406055319441488,test-8
0.5423782094618742,1.1363419738291594,test-8
0.6615435241737356,1.1411343785006243,test-8
0.5497667976785927,1.1370740489692333,test-8
0.5833472984616408,1.1396742137517366,test-8
0.5763185863096103,1.1392285187770823,test-8
0.6161690971071959,1.1410667519343356,test-8
0.6610112040563347,1.1411459975654457,test-8
0.5656557531200347,1.13845282101627,test-8
0.25074311851645187,1.0622852206098599,test-8
0.28335364651442774,1.0747712324502077,test-8
0.3698303594339644,1.1029359734657405,test-8
0.2888571617673939,1.0767800628775377,test-8
0.31077176588694844,1.0844919658423184,test-8
0.3193872966656619,1.087396834890708,test-8
0.36457226540083815,1.1014347805364753,test-8
0.3821227275476953,1.106336387783214,test-8
0.1730675257676348,1.0286928838466711,test-8
0.3354414100278219,1.0926161213599759,test-8
0.2632943115216696,1.0672079330731257,test-8
0.2373295990687494,1.0568649350620163,test-8
0.2519711878393893,1.0627732791004088,test-8
0.22992125245050204,1.0538015768404938,test-8
0.26585101245334064,1.0681928435369155,test-8
0.2377296700105117,1.057028960047011,test-8
0.3264056078687047,1.0897096562245037,test-8
0.23819809553181326,1.0572208261855838,test-8
0.27048928652205895,1.0699641007769798,test-8
0.24042487237139282,1.0581301988353207,test-8
0.267909228547354,1.0689813073524195,test-8
0.28079068909614197,1.0738259409656117,test-8
0.2488583328131615,1.0615334854435539,test-8
0.27556391803479124,1.0718789595772635,test-8
0.3941002797054084,1.109501952652585,test-8
0.572847185626447,1.138989162546453,test-8
0.5798936319445781,1.1394617276200973,test-8
0.5267091847882129,1.1345983897048177,test-8
0.5618435677044785,1.1381463485701873,test-8
0.5388813935979367,1.1359753729227635,test-8
0.5292166812862157,1.1348948665171008,test-8
0.5260946874458247,1.1345247194442636,test-8
0.6340287608611217,1.1413495732867467,test-8
0.46876189561137127,1.125897252891659,test-8
0.5498627822546591,1.1370831794114775,test-8
0.5740026843865977,1.1390702477137884,test-8
0.6159614611791406,1.1410615001161288,test-8
0.49974270416379557,1.130989893822589,test-8
0.491414626333968,1.1297202822001888,test-8
0.6567123787915086,1.1412290745446902,test-8
0.5639840152334211,1.1383203157869883,test-8
0.477583956756417,1.1274503085163001,test-8
0.5081353616574164,1.1321953004908205,test-8
0.4865395894021067,1.1289431520581692,test-8
0.5425895449057562,1.136363715470552,test-8
0.5958555198413452,1.140338554312958,test-8
0.5019952372041318,1.131320718149197,test-8
0.5498255350957176,1.137079637467438,test-8
0.5681902893826355,1.1386480816814135,test-8
0.5937634860807289,1.1402389184488362,test-8
0.24627296665216217,1.060497050363065,test-8
0.2253500317926697,1.051886868005337,test-8
0.22394461900712692,1.051294455850512,test-8
0.2438173556128272,1.0595069936477053,test-8
0.19921750409613842,1.0405874526298915,test-8
0.25060818967601417,1.0622315130666085,test-8
0.3417615847129212,1.0946011766517327,test-8
0.2360366132889501,1.0563338374436695,test-8
0.262939002429663,1.0670705780826586,test-8
0.2797153849777004,1.073427490962872,test-8
0.25617406738214415,1.0644331115441485,test-8
0.32863971293251815,1.0904357565359386,test-8
0.2953274492277401,1.0791049222853717,test-8
0.3623753019841493,1.1007992951685437,test-8
0.3364414558629937,1.0929328501569335,test-8
0.2773557985136621,1.072549335084929,test-8
0.2710962694972379,1.0701944088963562,test-8
0.28473508640918627,1.075278169732788,test-8
0.2556455839622191,1.064225291497221,test-8
0.279825801196742,1.0734684555386866,test-8
0.22952693267923993,1.053637146171999,test-8
0.15130362800242747,1.0183605837622456,test-8
0.16283784465849385,1.0238844747226157,test-8
0.22990718691168055,1.0537957139252345,test-8
0.32239519273780304,1.088393961576866,test-8
0.1,0.992528373733997,test-8
0.1,0.992528373733997,test-8
0.1,0.992528373733997,test-8
0.1,0.992528373733997,test-8
0.1,0.992528373733997,test-8
0.1,0.992528373733997,test-8
0.1,0.992528373733997,test-8
0.1,0.992528373733997,test-8
0.1,0.992528373733997,test-8
0.1,0.992528373733997,test-8
0.1,0.992528373733997,test-8
0.12174601200557492,1.0037235863008338,test-8
0.1,0.992528373733997,test-8
0.1,0.992528373733997,test-8
0.1,0.992528373733997,test-8
0.1,0.992528373733997,test-8
0.1,0.992528373733997,test-8
0.1,0.992528373733997,test-8
0.1,0.992528373733997,test-8
0.1,0.992528373733997,test-8
0.1,0.992528373733997,test-8
0.1,0.992528373733997,test-8
0.1,0.992528373733997,test-8
0.1,0.992528373733997,test-8
0.1,0.992528373733997,test-8
0.3986188744368191,1.1106581026488902,test-8
0.3500770945375186,1.0971525338762662,test-8
0.2977051127537899,1.0799491981291547,test-8
0.4490304221184308,1.1221281849963214,test-8
0.3477617073726871,1.0964490426142872,test-8
0.39902029293321606,1.1107597999514178,test-8
0.3387119336438875,1.0936482719551364,test-8
0.3023259466803099,1.0815744830638545,test-8
0.28849269568692004,1.076647918683458,test-8
0.3764313437036856,1.1047810276167107,test-8
0.4087468165605818,1.1131733925216967,test-8
0.37163116428683673,1.1034436915786032,test-8
0.4037190204750716,1.1119379051136995,test-8
0.35991043534330225,1.1000805409919165,test-8
0.41015644907520843,1.1135151137475594,test-8
0.3701977199616897,1.103039812925161,test-8
0.3716022796597596,1.1034355737199164,test-8
0.36351006447847783,1.1011281386324363,test-8
0.37490716371551686,1.104358916754699,test-8
0.40892287656854115,1.1132161846006063,test-8
0.3575508010683268,1.0993867582197498,test-8
0.43950396984779816,1.12016274388671,test-8
0.44596127976110556,1.1215053167400884,test-8
0.3989240716826407,1.1107354378479688,test-8
0.3877020554162946,1.1078291586963076,test-8
0.7474279152293294,1.1354614314186051,test-8
0.7538725334096424,1.1347354127723674,test-8
0.7368225180371807,1.136566039734901,test-8
0.7451849732437552,1.1357044107679315,test-8
0.6860258225127154,1.1402839619073313,test-8
0.7108560676922505,1.1387936218846728,test-8
0.783252817761924,1.1309053908854156,test-8
0.8069640526118121,1.1271995699675457,test-8
0.6410857250492638,1.1413694747721466,test-8
0.7092211804075876,1.1389110662777822,test-8
0.8077022918656622,1.1270754747599712,test-8
0.790311555141144,1.1298591591312568,test-8
0.7802197531725795,1.1313400248346843,test-8
0.8048067728898489,1.1275591983028999,test-8
0.807546468037569,1.1271017117438862,test-8
0.7882516865456317,1.1301694796822628,test-8
0.7768587983127468,1.1318111403522835,test-8
0.8276660900264158,1.1235220231137841,test-8
0.9521874529784305,1.0930590775099924,test-8
0.7824793531317605,1.1310170806236735,test-8
0.8110653227818212,1.1265035422706897,test-8
0.8617496275574149,1.11658579710743,test-8
0.8289515080289983,1.1232802312424046,test-8
0.8126089097066236,1.1262374023569979,test-8
0.7957615544331976,1.1290182478402628,test-8
0.5259894775995471,1.1345120661104804,test-8
0.5628961882202078,1.1382325064834333,test-8
0.5168767689856121,1.1333716928629602,test-8
0.5954151468310641,1.1403179638051308,test-8
0.5325281482729759,1.1352762119001105,test-8
0.685972307555992,1.140286493357315,test-8
0.6297391163417374,1.1413120807444197,test-8
0.47022328927393203,1.126160170762428,test-8
0.4817073578091252,1.128148138457846,test-8
0.425153633880862,1.1170237106259489,test-8
0.5490217365028192,1.137002844389575,test-8
0.519765243739245,1.1337426634734868,test-8
0.5337302938324215,1.1354117803463388,test-8
0.5560077436152397,1.1376474367253944,test-8
0.6871424328278557,1.140230472259366,test-8
0.6269664244097995,1.1412776170799912,test-8
0.6182135228822773,1.1411160492775827,test-8
0.5560358258767246,1.1376499237164406,test-8
0.5586584089565931,1.137878507599999,test-8
0.5615438432851174,1.1381216016831543,test-8
0.6216682665676541,1.1411894006829686,test-8
0.5832545387785971,1.139668671133724,test-8
0.6488299643235605,1.1413316160906888,test-8
0.6648459591313042,1.1410557437808473,test-8
0.6502359806622666,1.141318052723758,test-8
0.6296688278039928,1.1413113063487341,test-8
0.1,0.992528373733997,test-9
0.1,0.992528373733997,test-9
0.1,0.992528373733997,test-9
0.1,0.992528373733997,test-9
0.1,0.992528373733997,test-9
0.1,0.992528373733997,test-9
0.1,0.992528373733997,test-9
0.1,0.992528373733997,test-9
0.1,0.992528373733997,test-9
0.1,0.992528373733997,test-9
0.1,0.992528373733997,test-9
0.1,0.992528373733997,test-9
0.1,0.992528373733997,test-9
0.1,0.992528373733997,test-9
0.1,0.992528373733997,test-9
0.1,0.992528373733997,test-9
0.1,0.992528373733997,test-9
0.1,0.992528373733997,test-9
0.1,0.992528373733997,test-9
0.1,0.992528373733997,test-9
0.1,0.992528373733997,test-9
0.1,0.992528373733997,test-9
0.1,0.992528373733997,test-9
0.1,0.992528373733997,test-9
0.1,0.992528373733997,test-9
0.2838594059325659,1.0749570370821255,test-9
0.33586725432486614,1.0927511131297165,test-9
0.286832344908144,1.0760443290406194,test-9
0.4270484665334243,1.1174504468987894,test-9
0.40770698731566335,1.112920007038242,test-9
0.3347153227322132,1.0923855401387093,test-9
0.28514526121946115,1.0754283406787224,test-9
0.3483267937206105,1.0966212274869864,test-9
0.3487640467085504,1.0967542424762906,test-9
0.3931399057995716,1.109253533935155,test-9
0.3850272942927228,1.1071174712277965,test-9
0.37042236631156306,1.1031032451145053,test-9
0.24380596526037038,1.0595023884936874,test-9
0.36237799270170046,1.1008000764447283,test-9
0.4051859751701553,1.1123010681140801,test-9
0.3411229352205783,1.09440238514953,test-9
0.35417100077284674,1.0983833043549458,test-9
0.3970023865154528,1.1102469022119679,test-9
0.3666047715408849,1.1020183686053666,test-9
0.32851742940640016,1.0903961403361417,test-9
0.4105603893581923,1.1136126590510096,test-9
0.303530869929546,1.081994915816277,test-9
0.31435272917632134,1.0857081128286517,test-9
0.35324714920020994,1.0981070256563679,test-9
0.3376619082279923,1.0933180454617,test-9
0.1,0.992528373733997,test-9
0.1,0.992528373733997,test-9
0.1,0.992528373733997,test-9
0.12411010754469404,1.004919224130388,test-9
0.13851390749415096,1.012110949255376,test-9
0.1,0.992528373733997,test-9
0.1,0.992528373733997,test-9
0.1,0.992528373733997,test-9
0.11998918067272013,1.0028323149440181,test-9
0.1,0.992528373733997,test-9
0.1,0.992528373733997,test-9
0.14089689252608675,1.0132851865709487,test-9
0.1,0.992528373733997,test-9
0.14036137812942553,1.0130216957467872,test-9
0.21033255765792172,1.0454664150138617,test-9
0.11252030909964152,0.9990171737029628,test-9
0.1,0.992528373733997,test-9
0.1923180466721653,1.0375053995315378,test-9
0.2000694547069456,1.040965195948305,test-9
0.1972312814106822,1.0397043663773649,test-9
0.12945229385907642,1.0076052633709622,test-9
0.17164024803543687,1.0280271724872794,test-9
0.22224744218543524,1.0505767223148879,test-9
0.10140517001886674,0.9932623779226206,test-9
0.2225595419421203,1.0507089004285641,test-9
0.5642947643322009,1.1383451698057967,test-9
0.42974565710271934,1.1180514586009334,test-9
0.5234826440445661,1.1342071131371045,test-9
0.5257470184762211,1.1344828615664033,test-9
0.38828406148432376,1.107983050029771,test-9
0.5258217653515224,1.1344918715616044,test-9
0.5393266791017256,1.1360227746064493,test-9
0.450614734463803,1.12244586350665,test-9
0.5116350234531188,1.132675966423942,test-9
0.5564974543628898,1.1376906864631957,test-9
0.5923969765178807,1.1401713486351135,test-9
0.5402180943516158,1.1361170376707612,test-9
0.5662384178254849,1.1384983102384276,test-9
0.4616807780053011,1.1245915554761052,test-9
0.48400317658159764,1.128528919530087,test-9
0.6325805922424083,1.1413390645680286,test-9
0.6617915295879206,1.1411288650779712,test-9
0.5293581690224342,1.134911397294287,test-9
0.6169371688143613,1.1410857862589436,test-9
0.5742659637899555,1.1390885257232095,test-9
0.5281316978617764,1.1347673983570306,test-9
0.6877425403544866,1.1402011968208332,test-9
0.6361459208381736,1.141360997423063,test-9
0.5496083890310334,1.137058959188142,test-9
0.6283375142504732,1.1412956637029288,test-9
0.886908374965591,1.1107759786383404,test-9
0.8492563030346646,1.1192543152143846,test-9
0.8937292937502671,1.1091016219081382,test-9
0.7997304069575981,1.1283877716780788,test-9
0.9355317484394,1.0979343398370358,test-9
0.8484883093111794,1.1194136207189138,test-9
0.9355259678797914,1.0979359902593238,test-9
0.931926004594585,1.098958184465661,test-9
0.9541628852511914,1.0924650474529674,test-9
0.9443064532371327,1.09539569724403,test-9
0.9775204008984506,1.0851904386177003,test-9
0.8948551321527263,1.1088212247775373,test-9
0.9964103524419878,1.0789737217164068,test-9
0.9218269024567942,1.1017654177291571,test-9
0.9491707192349549,1.093959796190087,test-9
0.9790637266400056,1.0846936255314445,test-9
0.9041698729658002,1.1064576977907645,test-9
0.8999338423094252,1.1075421857275143,test-9
0.9468679544114622,1.094642092214264,test-9
0.9474171436769193,1.094479783937257,test-9
0.9362109217366558,1.0977402254547215,test-9
0.987083747091221,1.0820800027053945,test-9
0.9463997471234217,1.094780262314452,test-9
0.9873632392861187,1.0819879582909535,test-9
0.955227291683017,1.092143589947332,test-9
0.6417610137118979,1.1413686578561582,test-9
0.6990608229095605,1.1395800197697923,test-9
0.6729029709422204,1.140816612986932,test-9
0.6888049310710365,1.1401484644193416,test-9
0.7855534962389406,1.1305697191900352,test-9
0.5863601149106628,1.1398493042103524,test-9
0.61575403773331,1.1410562085410894,test-9
0.7598805355492185,1.1340214410643172,test-9
0.7013907874997243,1.1394359047106517,test-9
0.7640884326801033,1.1335001146953312,test-9
0.7054312959800233,1.1391728753082648,test-9
0.7391892703358722,1.1363292759867336,test-9
0.7998414868256355,1.128369906995173,test-9
0.7306392865776253,1.1371580925157767,test-9
0.7299728861089916,1.1372196094487088,test-9
0.7229512881616915,1.1378406221926336,test-9
0.7899175359215922,1.1299188373606757,test-9
0.7557797759185082,1.1345126387512745,test-9
0.7226226784166895,1.1378684683426794,test-9
0.7725670788158469,1.1323966349149166,test-9
0.7162012154665948,1.1383907266477258,test-9
0.7334256865630122,1.1368960403503996,test-9
0.8795880494571303,1.11252606303352,test-9
0.7585042925330291,1.1341881472476398,test-9
0.8270445352005138,1.1236383785358919,test-9
1.1606452268428022,1.0132073110299957,test-9
1.113455573817459,1.0341516357349865,test-9
1.0671267305371113,1.0531502766770928,test-9
1.1451643182747393,1.0202500889169066,test-9
1.12875889176086,1.0275314472298909,test-9
1.1101501212667981,1.0355594654365243,test-9
1.1625052238432434,1.01235006450166,test-9
1.1188921091581596,1.0318190104252878,test-9
1.0720162288883939,1.0512208014322117,test-9
1.0698665700845742,1.0520713255313472,test-9
1.0797887820715164,1.0481164334618065,test-9
1.1236954649811786,1.0297404107018502,test-9
1.085565059511906,1.0457800055475834,test-9
1.1256596746010152,1.0288856730916422,test-9
1.1412761680558154,1.02199286385232,test-9
1.1598961987875984,1.0135518606650427,test-9
1.128890597568857,1.0274737463203818,test-9
1.1626480342141818,1.012284147707202,test-9
1.1553308969474643,1.015643576267766,test-9
1.205922542224578,0.9916812002375932,test-9
1.1610290916744572,1.0130305863913762,test-9
1.134935653901928,1.0248121709145213,test-9
1.1053584496648554,1.0375862244382192,test-9
1.128692188022615,1.0275606657456493,test-9
1.1780548073789125,1.0050917741016718,test-9
0.8490031456323499,1.1193068886245832,test-9
0.8823881764791727,1.111862378954446,test-9
0.8397536238157447,1.1211866640926629,test-9
0.8587931562113165,1.1172303590843125,test-9
0.8395786377571858,1.1212214537866876,test-9
0.9109833557439855,1.1046797777763107,test-9
0.8889224454331622,1.1102859487640426,test-9
0.91224704337745,1.1043454945553761,test-9
0.9124767953498433,1.1042845662007656,test-9
0.9740554390917386,1.0862986005280095,test-9
1.0081021782269413,1.0749791057198186,test-9
0.8951744723864636,1.1087414835088345,test-9
0.8265596631794887,1.1237288926473632,test-9
0.9228991468005912,1.1014716064412358,test-9
0.883323860164805,1.1116390149891122,test-9
0.9307173014501218,1.0992988612992103,test-9
0.9682982534184398,1.0881176124643757,test-9
0.8808339696857945,1.1122316367137492,test-9
0.9266761481416586,1.100428616653569,test-9
0.9817903904709082,1.0838110336344524,test-9
0.9560254329206797,1.0919019124820588,test-9
0.8750842447127404,1.1135785657068484,test-9
0.8963575177977335,1.1084452707598116,test-9
0.8651647319351792,1.1158311973152273,test-9
0.9826678557042581,1.0835256924497594,test-9
0.9434513153471349,1.0956460251639777,test-9
0.5982111981291326,1.1404452327155052,test-10
0.5507026482394961,1.13716265527834,test-10
0.4783804998023481,1.1275865067001445,test-10
0.6211261647252723,1.1411787176132564,test-10
0.46793600868707075,1.1257476767214802,test-10
0.5234652763257456,1.1342049771982459,test-10
0.5484478870690365,1.1369476021024671,test-10
0.6638973072447469,1.1410794870825631,test-10
0.6175377493134001,1.1411002390142797,test-10
0.5698677758057965,1.1387735834413713,test-10
0.5095404702149195,1.1323898417069131,test-10
0.5453765709448198,1.1366460181738347,test-10
0.5934137749726054,1.1402218134967046,test-10
0.5909668101586004,1.1400985250503286,test-10
0.5602956936502019,1.1380175266882353,test-10
0.6169150652164448,1.1410852471305784,test-10
0.5028869989827187,1.1314502092178045,test-10
0.4868604677364368,1.1289950732248237,test-10
0.5965751803033177,1.1403717641137576,test-10
0.5114908331907837,1.1326564179968905,test-10
0.4466692213011285,1.121649862872992,test-10
0.5619222737007252,1.1381528312287488,test-10
0.551008723944441,1.1371914335310351,test-10
0.5453984152263704,1.1366481983709,test-10
0.5077135491413133,1.1321364923495318,test-10
0.8686437998168361,1.115051416814085,test-10
0.7811119764345034,1.131213103356669,test-10
0.7452560485459688,1.1356967880932767,test-10
0.7290273164971367,1.1373061308135153,test-10
0.7704975684489558,1.1326725046126405,test-10
0.7237979095004539,1.137768378216942,test-10
0.7286688079049988,1.1373386998876756,test-10
0.8174940677823432,1.1253800997400825,test-10
0.814014750063292,1.125993027510698,test-10
0.7926048566730329,1.1295088230568266,test-10
0.7979730253682296,1.1286688209308449,test-10
0.7690902431446345,1.132857698377044,test-10
0.7943222262886148,1.1292431281653452,test-10
0.8301228282077701,1.1230585397853239,test-10
0.7478942378868995,1.1354102848256789,test-10
0.7508523731617107,1.1350807918060772,test-10
0.7001713482474676,1.1395120209463263,test-10
0.721253543288848,1.1379833148384475,test-10
0.7653614251020578,1.1333389554033015,test-10
0.7620415019409214,1.1337558994057475,test-10
0.774225294084455,1.1321725560040936,test-10
0.6958202580452955,1.1397712495128702,test-10
0.6946057633985709,1.1398401555660116,test-10
0.6991530797958839,1.1395744186755574,test-10
0.6673670810030611,1.140988122862439,test-10
0.35158242605054124,1.0976070349552303,test-10
0.3974765473443224,1.1103677962272365,test-10
0.40753641703690774,1.1128783362240928,test-10
0.38067432151592173,1.1059436827817732,test-10
0.36548143595708643,1.1016963426441853,test-10
0.3800738869837847,1.1057802625228887,test-10
0.3951255374741354,1.1097661135878543,test-10
0.34078846715625166,1.0942981143663082,test-10
0.4385731765906816,1.1199656341217503,test-10
0.2712850703640727,1.0702659755507802,test-10
0.3477944431373544,1.0964590260600864,test-10
0.4012564513546955,1.1113232946911433,test-10
0.26777348794433764,1.0689294292136347,test-10
0.3511606706635681,1.097479923471907,test-10
0.37238906164962815,1.1036563928469494,test-10
0.41639795298929105,1.1150035516819155,test-10
0.3215169007076539,1.0881037190264828,test-10
0.3336909590702906,1.0920593512293726,test-10
0.3456191326252046,1.09579330002519,test-10
0.3497255609274857,1.0970460704984748,test-10
0.3387485234853398,1.093659759557585,test-10
0.3185322693128879,1.0871117780982886,test-10
0.2665398844032302,1.0684571765222293,test-10
0.3089475648327327,1.083867660017724,test-10
0.3187941073651924,1.0871991478118002,test-10
0.5704165621970114,1.1388139959070587,test-10
0.6530645917429423,1.1412845452012848,test-10
0.5777577240399212,1.1393240190154934,test-10
0.6611259121059813,1.1411435186018566,test-10
0.5048987378544202,1.1317392465824896,test-10
0.525337060827355,1.1344333401670497,test-10
0.6356383486877909,1.1413586848061095,test-10
0.49317906232444886,1.1299953770219218,test-10
0.5059503500971475,1.1318886365459835,test-10
0.5155428889145337,1.1331974041476462,test-10
0.5139641796486395,1.1329886953804835,test-10
0.45817360518005534,1.123925395588755,test-10
0.5332739943000927,1.1353605024859617,test-10
0.51571922220633,1.13322055224825,test-10
0.5273024092044232,1.1346691307810304,test-10
0.5711247476574316,1.1388656764294725,test-10
0.6026663725229477,1.140631027562316,test-10
0.5106546482591193,1.1325426201132758,test-10
0.5610121570682883,1.138077469168596,test-10
0.505732422642058,1.1318577741334703,test-10
0.5169320573503137,1.1333788764129396,test-10
0.5105635887728458,1.1325301830619248,test-10
0.44546102227136763,1.121402859706914,test-10
0.5109434851569162,1.1325820119557504,test-10
0.3896845136567185,1.1083519349964184,test-10
0.8464170849729401,1.1198405120054766,test-10
0.7795486623230335,1.1314349767809753,test-10
0.8186564712125715,1.1251727517380998,test-10
0.785528018299661,1.1305734647050723,test-10
0.8048319654642171,1.127555024418199,test-10
0.7664283627201605,1.1332026511802926,test-10
0.6952832722828017,1.139801902020688,test-10
0.7375309880381185,1.1364957544778584,test-10
0.8573536283666462,1.117541273072137,test-10
0.6988539541580536,1.1395925476095674,test-10
0.8175505085840435,1.1253700616731888,test-10
0.7753280059619028,1.1320220500011169,test-10
0.6760009502048343,1.1407068424359619,test-10
0.6959843584244804,1.1397618234814684,test-10
0.7714795048847848,1.1325421353444334,test-10
0.7951194902213261,1.129118811695737,test-10
0.6515415353296298,1.1413036196223016,test-10
0.7070459941580367,1.1390631153318935,test-10
0.7378435161620814,1.1364645896626864,test-10
0.6594765030243834,1.1411778536337798,test-10
0.7346323981431596,1.136780134121321,test-10
0.6736870407964801,1.1407897657636161,test-10
0.6711352502807456,1.140874815928142,test-10
0.7464841648691724,1.135564279641068,test-10
0.6302985641796706,1.1413180603308815,test-10
0.40901736296776087,1.1132391367297647,test-10
0.3633524848457181,1.101082550982838,test-10
0.3733692838878343,1.1039306272723208,test-10
0.3449615001081517,1.0955911130798541,test-10
0.3664351393504617,1.101969821755064,test-10
0.40781427843044016,1.1129462032264599,test-10
0.31591898546849156,1.086236119937627,test-10
0.3438767256731175,1.0952566632114302,test-10
0.3122452970539445,1.084993905366812,test-10
0.34101255991189644,1.0943679877897037,test-10
0.42968438024729705,1.1180378881750621,test-10
0.3135655979464529,1.0854418592521418,test-10
0.3710110849036148,1.1032692365605035,test-10
0.3281530616915725,1.090278008984442,test-10
0.27723158914307766,1.072502963452228,test-10
0.3788627200559501,1.1054495051564404,test-10
0.36399213279150444,1.1012674454461617,test-10
0.3070111232481131,1.0832014177573428,test-10
0.319327695695413,1.0873769877057737,test-10
0.4361382859050712,1.1194457423699822,test-10
0.3293203412599654,1.0906559911364149,test-10
0.23724284412656788,1.056829347379607,test-10
0.33036597158515213,1.0909934438571933,test-10
0.41413693715985356,1.1144690008785245,test-10
0.3019268144571787,1.0814349060668271,test-10
0.6134279417526595,1.1409937776279233,test-10
0.6719765154102804,1.140847518781736,test-10
0.5156519108089218,1.1332117198426452,test-10
0.6369992305168278,1.1413642796269223,test-10
0.6279576331923628,1.1412908604499683,test-10
0.5911059290669384,1.1401057035279587,test-10
0.6185403761177665,1.1411235245617948,test-10
0.5441902831608955,1.136526861257284,test-10
0.5773721184647502,1.139298644845043,test-10
0.5980323581839269,1.1404373386625635,test-10
0.6451180680346714,1.1413575491883083,test-10
0.508630897531557,1.132264146886911,test-10
0.5887089399138985,1.1399791691036714,test-10
0.508909259256108,1.1323027067974143,test-10
0.5606799939996395,1.1380497464037713,test-10
0.6052093969176209,1.140727724032536,test-10
0.631734806753554,1.1413319141765672,test-10
0.48403674396842983,1.12853444580444,test-10
0.49753597690974555,1.1306606042323435,test-10
0.5565065234526805,1.1376914850260262,test-10
0.5730754268105153,1.1390052907061428,test-10
0.6206589896330504,1.141169264228778,test-10
0.5584612588944887,1.1378615767783495,test-10
0.628448726597284,1.1412970413361392,test-10
0.49296781044416216,1.129962613528135,test-10
0.27365877708957176,1.071162903822089,test-10
0.19991587532765787,1.0408971470789425,test-10
0.2592444630846652,1.0656354173016935,test-10
0.22897685521621644,1.0534075327308645,test-10
0.11283585640549468,0.9991792057766186,test-10
0.25304111695342896,1.063197362756784,test-10
0.2511875302818633,1.0624619979459633,test-10
0.241258078719314,1.0584693111469172,test-10
0.2487930558443348,1.061507391941657,test-10
0.3437561040468069,1.095219401772945,test-10
0.33888482409662724,1.0937025402951002,test-10
0.2423253562213422,1.0589027709010124,test-10
0.2977241320185095,1.0799559297773524,test-10
0.21401849602461318,1.0470606381375505,test-10
0.19554662505153658,1.0389527066029465,test-10
0.28090751483016435,1.073869164602233,test-10
0.28846530821754485,1.0766379837270854,test-10
0.2702438973744321,1.0698708947981732,test-10
0.31040416371388657,1.0843664187735662,test-10
0.2712779881544116,1.0702632915777512,test-10
0.23540661204694066,1.0560745170576793,test-10
0.13193681588421105,1.0088469845998513,test-10
0.18264179936521532,1.033114716512155,test-10
0.24214420195915698,1.0588292704033515,test-10
0.24413256156705102,1.0596343856036308,test-10
0.19938180394197297,1.040660349538667,test-10
